Date,Open,High,Low,Close,Adj Close,Volume
9/26/2012,375.300293,381.001007,370.87088,377.107117,377.107117,11334400
9/27/2012,380.355347,381.801788,376.201202,378.628632,378.628632,7854300
9/28/2012,377.452454,380.030029,375.950958,377.627625,377.627625,5561400
10/1/2012,379.904907,382.882874,378.48349,381.271271,381.271271,6329600
10/2/2012,382.982971,383.378387,375.510498,378.873871,378.873871,5574800
10/3/2012,378.238251,382.342346,376.476471,381.631622,381.631622,4412100
10/4/2012,381.756744,385.330322,380.080078,384.409424,384.409424,4903400
10/5/2012,385.740753,387.577576,382.887878,384.209198,384.209198,5466300
10/8/2012,380.88089,382.17218,377.452454,379.299286,379.299286,3913200
10/9/2012,380.21521,381.041046,371.636627,372.417419,372.417419,6000300
10/10/2012,371.3013,374.13913,369.514526,372.652649,372.652649,4075700
10/11/2012,376.826813,379.629639,375.520508,376.116119,376.116119,4763000
10/12/2012,376.3013,377.812805,372.422424,372.747742,372.747742,4803500
10/15/2012,371.341339,372.287292,365.715729,370.86087,370.86087,6032100
10/16/2012,370.435425,373.868866,368.598602,372.722717,372.722717,4112200
10/17/2012,372.347351,378.548553,370.500488,378.123108,378.123108,4581200
10/18/2012,378.148163,380.090088,338.338348,347.847839,347.847839,24859900
10/19/2012,353.143158,353.703705,336.336334,341.236237,341.236237,22941400
10/22/2012,340.845856,342.657654,335.185181,339.674683,339.674683,8103000
10/23/2012,336.341339,344.009003,336.336334,340.515503,340.515503,5827300
10/24/2012,343.743744,343.843842,337.972961,338.988983,338.988983,4988000
10/25/2012,340.340332,341.341339,337.092102,339.219208,339.219208,4797300
10/26/2012,338.588593,341.856842,335.935944,337.912903,337.912903,3897600
10/31/2012,340.270264,340.840851,337.83783,340.490479,340.490479,3070900
11/1/2012,340.090088,345.795807,339.699707,344.13913,344.13913,4096000
11/2/2012,347.742737,348.123108,344.029022,344.304291,344.304291,4644100
11/5/2012,342.59259,343.773773,338.118103,341.821808,341.821808,3268500
11/6/2012,343.083069,343.593597,339.114105,341.201202,341.201202,3162400
11/7/2012,337.83783,339.454468,333.578583,333.89389,333.89389,4460100
11/8/2012,335.435425,336.081085,325.940948,326.471466,326.471466,5188800
11/9/2012,327.652649,334.504517,325.475464,331.846832,331.846832,6221900
11/12/2012,332.207214,335.235229,330.765778,333.283295,333.283295,2808900
11/13/2012,331.831818,334.134125,329.444458,329.854858,329.854858,3185200
11/14/2012,330.660675,331.421417,325.575562,326.601593,326.601593,3333400
11/15/2012,325.325317,330.330322,322.272278,323.953949,323.953949,3694100
11/16/2012,323.318329,326.836823,318.318329,323.91391,323.91391,6869500
11/19/2012,328.178192,334.7948,328.093079,334.439453,334.439453,4731600
11/20/2012,335.090088,339.339325,332.617615,335.320313,335.320313,4173200
11/21/2012,334.829834,335.235229,330.530518,333.26828,333.26828,4220100
11/23/2012,335.320313,335.335327,333.383392,334.319305,334.319305,1843100
11/26/2012,333.553558,333.833832,329.839844,330.905914,330.905914,4404700
11/27/2012,330.415405,337.83783,329.329315,335.690704,335.690704,5012300
11/28/2012,334.339325,342.797791,332.277283,342.177185,342.177185,6077900
11/29/2012,344.234222,347.297302,341.341339,346.29129,346.29129,5547400
11/30/2012,346.001007,349.959961,343.188202,349.534546,349.534546,6320800
12/3/2012,351.471466,353.298309,347.402405,347.972961,347.972961,4380600
12/4/2012,347.847839,348.103088,343.193207,345.86087,345.86087,3979400
12/5/2012,346.421417,347.597595,341.5065,344.254242,344.254242,3721000
12/6/2012,344.13913,348.153168,342.597595,345.910919,345.910919,2921600
12/7/2012,347.847839,348.788788,341.551544,342.447449,342.447449,3834700
12/10/2012,343.038025,346.171173,342.237244,343.05304,343.05304,2730600
12/11/2012,345.345337,351.31131,344.204193,348.788788,348.788788,5369800
12/12/2012,349.964966,352.107117,347.087097,349.12912,349.12912,4847100
12/13/2012,358.318329,358.593597,350.125122,351.701691,351.701691,6882900
12/14/2012,349.934937,354.264252,349.564575,351.331329,351.331329,4255900
12/17/2012,353.103088,361.32132,352.362366,360.750763,360.750763,6064700
12/18/2012,358.658661,364.914917,357.882874,360.895905,360.895905,6003700
12/19/2012,360.715729,361.861847,358.6987,360.415405,360.415405,3833300
12/20/2012,361.992004,362.687683,358.843842,361.541534,361.541534,3310600
12/21/2012,357.342346,359.769775,355.615601,358.173187,358.173187,7044900
12/24/2012,357.61261,357.947937,354.089081,355.105103,355.105103,1680100
12/26/2012,354.389404,356.796783,351.556549,354.789795,354.789795,2362400
12/27/2012,353.92392,354.77478,349.654663,353.498505,353.498505,3291500
12/28/2012,351.196198,353.808807,350.355347,350.355347,350.355347,2801100
12/31/2012,350.350342,355.640656,348.348358,354.044037,354.044037,3990800
1/2/2013,360.070068,363.863861,358.633636,361.987,361.987,5077500
1/3/2013,362.82782,366.331329,360.720734,362.197205,362.197205,4631700
1/4/2013,365.035034,371.10611,364.204193,369.35434,369.35434,5521400
1/7/2013,368.093079,370.060059,365.65567,367.742737,367.742737,3308000
1/8/2013,368.138153,368.518524,362.577576,367.017029,367.017029,3348800
1/9/2013,366.501495,369.544556,364.664673,369.429443,369.429443,4045300
1/10/2013,371.786774,372.872864,367.117126,371.111115,371.111115,3667700
1/11/2013,371.371368,371.586578,368.518524,370.365356,370.365356,2567800
1/14/2013,368.868866,371.471466,361.53653,361.987,361.987,5722000
1/15/2013,360.025024,367.867859,356.406403,362.82782,362.82782,7847500
1/16/2013,361.561554,362.532532,357.1922,357.952942,357.952942,4042700
1/17/2013,359.214203,360.180176,355.865875,356.016022,356.016022,4418500
1/18/2013,355.535522,356.74173,351.016022,352.607605,352.607605,6447100
1/22/2013,352.682678,353.02301,348.108093,351.786774,351.786774,7577200
1/23/2013,368.363373,374.874878,368.263275,371.121124,371.121124,11806300
1/24/2013,370.990997,378.793793,370.625641,377.482483,377.482483,6758600
1/25/2013,375.760773,379.619629,375.500488,377.212219,377.212219,4447300
1/28/2013,376.256256,378.178192,374.319305,375.740753,375.740753,3250900
1/29/2013,373.748749,378.853851,373.643646,377.217224,377.217224,3490700
1/30/2013,377.247253,380.855865,376.831818,377.292297,377.292297,3462500
1/31/2013,375.630646,379.189178,375.500488,378.223236,378.223236,3265100
2/1/2013,379.479492,388.68869,379.429443,388.188202,388.188202,7484700
2/4/2013,384.229218,385.620605,379.514526,379.889893,379.889893,6074900
2/5/2013,380.945953,385.940948,380.115112,383.253265,383.253265,3737600
2/6/2013,379.914917,386.866852,379.629639,385.470459,385.470459,4152000
2/7/2013,385.235229,389.7948,383.133148,387.362366,387.362366,5674700
2/8/2013,390.455444,393.728729,390.170166,393.078064,393.078064,6034100
2/11/2013,389.5896,391.891907,387.262268,391.601593,391.601593,4331200
2/12/2013,391.266266,394.34433,390.075073,390.740753,390.740753,3714200
2/13/2013,390.455444,393.068054,390.375366,391.821808,391.821808,2394000
2/14/2013,390.255249,394.764771,389.274261,394.304291,394.304291,3467100
2/15/2013,394.094086,397.027039,393.928925,396.841827,396.841827,5454100
2/19/2013,398.393402,403.9039,398.038025,403.828827,403.828827,5857700
2/20/2013,403.05304,404.889893,396.29129,396.626617,396.626617,5522800
2/21/2013,399.399414,403.128143,396.006012,398.163177,398.163177,7005700
2/22/2013,400.030029,401.026031,397.297302,400.255249,400.255249,4103600
2/25/2013,401.551544,404.609619,395.640656,395.780792,395.780792,4603100
2/26/2013,397.897888,398.373383,392.59259,395.460449,395.460449,4400500
2/27/2013,397.797791,402.777771,395.950958,400.290283,400.290283,4048100
2/28/2013,400.950958,403.898895,400.915924,401.001007,401.001007,4527000
3/1/2013,399.299286,403.973969,398.47348,403.498505,403.498505,4346400
3/4/2013,403.05304,411.831818,402.902893,411.161163,411.161163,5545600
3/5/2013,414.879883,420.495483,414.864868,419.719727,419.719727,8080100
3/6/2013,420.935944,422.422424,414.819824,416.10611,416.10611,5740200
3/7/2013,417.447449,418.728729,415.2052,416.716705,416.716705,4101200
3/8/2013,417.667664,417.877869,412.937927,416.176178,416.176178,5817900
3/11/2013,416.261261,420.270264,416.166168,417.82782,417.82782,3186200
3/12/2013,415.770782,416.361359,412.247253,414.219208,414.219208,4012500
3/13/2013,414.364349,415.760773,411.566559,413.068054,413.068054,3279300
3/14/2013,413.908905,413.908905,409.104095,411.181183,411.181183,3299000
3/15/2013,409.659668,410.560547,407.077087,407.557556,407.557556,6193200
3/18/2013,402.902893,406.786774,401.136139,404.299286,404.299286,3672900
3/19/2013,406.026031,410.035034,403.628632,406.066071,406.066071,4192200
3/20/2013,408.823822,409.164154,406.126129,407.762756,407.762756,2924600
3/21/2013,406.051056,408.868866,405.330322,406.036041,406.036041,2952200
3/22/2013,407.777771,408.028015,405.22522,405.560547,405.560547,2973400
3/25/2013,406.611603,410.025024,403.813812,405.22522,405.22522,3420500
3/26/2013,407.157166,407.40741,404.299286,406.616608,406.616608,2381400
3/27/2013,403.743744,403.9039,401.066071,401.73172,401.73172,4322000
3/28/2013,402.3974,403.088074,397.047058,397.492493,397.492493,4571000
4/1/2013,397.902893,401.52652,397.022034,400.996002,400.996002,3610900
4/2/2013,402.672668,407.822815,402.402405,406.926941,406.926941,4078900
4/3/2013,407.137146,407.507507,400.735748,403.50351,403.50351,3473500
4/4/2013,402.527527,403.27829,396.046051,397.932922,397.932922,4890300
4/5/2013,393.423431,393.888885,388.588593,391.916931,391.916931,6860900
4/8/2013,389.764771,390.165161,384.584595,387.812805,387.812805,5658500
4/9/2013,388.138153,392.267273,386.941956,389.214203,389.214203,4310200
4/10/2013,391.851837,396.571564,388.388397,395.485474,395.485474,3953200
4/11/2013,396.836823,396.94696,392.422424,395.590576,395.590576,4053300
4/12/2013,396.391388,396.446442,391.856842,395.42041,395.42041,3270100
4/15/2013,393.368378,398.898895,388.898895,391.356354,391.356354,4901200
4/16/2013,393.68869,398.398407,392.352356,397.082092,397.082092,3480500
4/17/2013,393.768768,395.815826,389.439453,391.671661,391.671661,4069900
4/18/2013,393.068054,393.293304,381.011017,383.338348,383.338348,6638300
4/19/2013,384.964966,402.122131,383.513519,400.335327,400.335327,11594700
4/22/2013,400.700714,402.382385,387.887878,400.455444,400.455444,5761000
4/23/2013,400.900909,408.158173,400.580566,404.35434,404.35434,4580000
4/24/2013,404.459473,409.409424,404.404419,407.132141,407.132141,3654500
4/25/2013,408.533539,408.643646,404.219208,404.954956,404.954956,3980400
4/26/2013,404.204193,404.274261,398.68869,401.111115,401.111115,4970400
4/29/2013,402.027039,411.761749,401.901917,409.939941,409.939941,4596900
4/30/2013,409.909912,414.234222,409.249237,412.697693,412.697693,4608700
5/1/2013,412.042053,412.772766,408.588593,410.625641,410.625641,2907000
5/2/2013,410.460449,417.692688,409.934937,415.220215,415.220215,4032500
5/3/2013,418.898895,423.823822,418.418427,423.283295,423.283295,5020100
5/6/2013,424.554565,431.356354,424.554565,431.206207,431.206207,4278300
5/7/2013,431.936951,432.367371,425.760773,429.044037,429.044037,3914000
5/8/2013,428.928925,437.37738,426.881897,437.252258,437.252258,4931600
5/9/2013,435.855865,440.270264,434.549561,436.176178,436.176178,4396700
5/10/2013,438.093079,440.710724,436.51651,440.555542,440.555542,3791600
5/13/2013,439.884888,441.676666,437.127136,439.204193,439.204193,2894100
5/14/2013,439.189178,444.789795,439.009003,443.993988,443.993988,3155400
5/15/2013,448.198212,458.648651,447.457458,458.403412,458.403412,7963800
5/16/2013,459.959961,460.450439,451.456451,452.38739,452.38739,6412700
5/17/2013,455.465454,457.202209,450.710724,455.045044,455.045044,5578400
5/20/2013,452.952942,460.760773,452.952942,454.719727,454.719727,4540800
5/21/2013,454.464478,456.286285,449.254242,453.938934,453.938934,3962000
5/22/2013,451.73172,455.110107,443.883881,445.155151,445.155151,5116000
5/23/2013,438.938934,445.425415,437.437439,441.836823,441.836823,4545600
5/24/2013,438.068054,439.849854,435.940948,437.097107,437.097107,4589000
5/28/2013,442.1922,446.51651,440.640656,441.07608,441.07608,4510400
5/29/2013,438.293304,439.434448,432.577576,434.5896,434.5896,4022700
5/30/2013,435.395386,439.889893,433.638641,435.815826,435.815826,4237100
5/31/2013,434.494507,438.938934,434.194183,436.046051,436.046051,3934800
6/3/2013,436.936951,437.422424,427.937927,434.249237,434.249237,4946400
6/4/2013,434.359344,435.730743,427.462463,429.97998,429.97998,3733400
6/5/2013,431.686676,435.160156,428.993988,430.280273,430.280273,4209300
6/6/2013,432.582581,433.598602,424.034027,432.752747,432.752747,5153000
6/7/2013,435.64566,440.44043,433.093079,440.305298,440.305298,5343800
6/10/2013,441.491486,445.945953,440.485474,445.555542,445.555542,4670900
6/11/2013,442.427429,443.943939,440.200195,440.345337,440.345337,3511600
6/12/2013,443.173187,443.443451,435.260254,436.426422,436.426422,4405100
6/13/2013,434.924927,440.270264,433.183197,438.938934,438.938934,4135600
6/14/2013,440.490479,442.792786,437.502502,437.957947,437.957947,4485500
6/17/2013,440.055054,445.160156,439.57959,443.568573,443.568573,4288300
6/18/2013,444.769775,450.950958,444.619629,450.760773,450.760773,4329400
6/19/2013,451.136139,455.875885,449.199188,450.790802,450.790802,5825900
6/20/2013,447.442444,450.950958,442.097107,442.812805,442.812805,6737200
6/21/2013,444.614624,445.385376,436.971985,440.905914,440.905914,7956600
6/24/2013,436.376373,438.598602,432.057068,435.330322,435.330322,6027700
6/25/2013,439.069061,440.280273,432.687683,433.533539,433.533539,5101200
6/26/2013,437.312317,439.439453,435.720734,437.262268,437.262268,3659100
6/27/2013,439.839844,442.787781,438.763763,438.973969,438.973969,3849100
6/28/2013,437.887878,441.361359,437.532532,440.625641,440.625641,4693900
7/1/2013,443.668671,446.486481,442.942932,444.384399,444.384399,3446100
7/2/2013,445.545532,445.945953,439.074066,441.596588,441.596588,3779200
7/3/2013,440.390381,445.030029,439.689697,443.658661,443.658661,2091900
7/5/2013,445.450439,448.153168,444.114105,447.1922,447.1922,3400300
7/8/2013,450.055054,453.588593,448.988983,452.997986,452.997986,3935000
7/9/2013,455.955963,456.931946,449.439453,453.073059,453.073059,3954800
7/10/2013,452.177185,456.026031,450.640656,453.448456,453.448456,3413300
7/11/2013,456.95697,460.865875,454.714722,460.580566,460.580566,5163200
7/12/2013,460.460449,461.961975,458.078064,461.961975,461.961975,5131200
7/15/2013,462.61261,464.464478,458.638641,462.8078,462.8078,3917000
7/16/2013,464.029022,464.449463,457.40741,460.265259,460.265259,3962000
7/17/2013,460.960968,463.89389,458.608612,459.734741,459.734741,3009100
7/18/2013,459.954956,460.460449,452.047058,455.795807,455.795807,7261700
7/19/2013,443.748749,451.926941,438.243256,448.748749,448.748749,14703800
7/22/2013,451.451447,456.791779,448.948944,455.805817,455.805817,5800500
7/23/2013,455.805817,456.95697,450.235229,452.352356,452.352356,4087300
7/24/2013,454.084076,455.605591,450.800812,451.901917,451.901917,4152800
7/25/2013,447.382385,448.873871,443.48349,444.294281,444.294281,5996100
7/26/2013,443.938934,445.44043,441.441437,443.118103,443.118103,3551800
7/29/2013,442.892883,447.857849,440.885895,441.576569,441.576569,3780000
7/30/2013,443.173187,448.253265,440.875885,445.905914,445.905914,3507600
7/31/2013,446.941956,448.703705,443.533539,444.319305,444.319305,4342600
8/1/2013,447.947937,452.727722,447.947937,452.562561,452.562561,4272500
8/2/2013,452.17218,453.953949,450.86087,453.738739,453.738739,3424300
8/5/2013,453.148163,453.213226,450.050049,452.952942,452.952942,2616700
8/6/2013,452.797791,455.310303,448.313324,448.733734,448.733734,3009100
8/7/2013,447.967957,449.674683,444.98999,445.770782,445.770782,2755600
8/8/2013,448.193207,448.368378,443.088074,446.776764,446.776764,2973000
8/9/2013,445.725739,448.208221,445.445435,445.650665,445.650665,2644700
8/12/2013,443.89389,443.943939,441.266266,443.198212,443.198212,2751200
8/13/2013,443.858856,444.694702,438.538544,441.066071,441.066071,2836700
8/14/2013,439.624634,440.555542,434.014008,435.340332,435.340332,4160200
8/15/2013,432.652649,432.892883,429.429443,430.260254,430.260254,3734600
8/16/2013,431.071075,431.651642,428.6987,428.883881,428.883881,3346800
8/19/2013,429.284271,436.436432,429.154144,433.25827,433.25827,3618100
8/20/2013,434.609619,436.491486,432.202209,433.143158,433.143158,2463500
8/21/2013,435.760773,438.89389,433.683685,435.100098,435.100098,3511000
8/22/2013,436.786774,437.812805,435.560547,437.292297,437.292297,1738000
8/23/2013,439.35434,439.439453,435.310303,435.540527,435.540527,2152000
8/26/2013,435.435425,437.887878,433.458466,433.628632,433.628632,2102800
8/27/2013,430.240234,432.297302,424.374359,425.500488,425.500488,3464700
8/28/2013,425.550537,428.133148,424.309296,424.699707,424.699707,2657100
8/29/2013,424.959961,430.620605,424.719727,428.143158,428.143158,2954000
8/30/2013,428.308319,429.449463,423.203217,423.873871,423.873871,3719400
9/3/2013,427.607605,433.528534,427.402405,430.620605,430.620605,4091100
9/4/2013,430.605591,437.187195,428.013,436.251251,436.251251,4078300
9/5/2013,437.187195,440.380371,436.241241,440.220215,440.220215,2580000
9/6/2013,441.661652,442.332336,437.307312,440.230225,440.230225,3120000
9/9/2013,442.307312,445.320313,441.651642,444.469482,444.469482,2466700
9/10/2013,445.455444,446.446442,442.442444,444.779785,444.779785,2572600
9/11/2013,444.714722,448.933929,443.48349,448.543549,448.543549,3217900
9/12/2013,449.149139,449.399414,445.450439,446.97699,446.97699,2188800
9/13/2013,447.697693,448.2883,442.862854,444.97998,444.97998,2648100
9/16/2013,448.548553,448.948944,442.877869,444.32431,444.32431,2670300
9/17/2013,444.149139,444.639648,440.940948,443.498505,443.498505,2516200
9/18/2013,443.618622,452.437439,441.97699,452.112122,452.112122,3865500
9/19/2013,453.448456,453.448456,448.148163,449.644653,449.644653,3192600
9/20/2013,449.644653,452.517517,448.25827,452.007019,452.007019,8681900
9/23/2013,448.523529,451.246246,443.04303,443.693695,443.693695,3551200
9/24/2013,443.693695,445.495483,441.141144,443.863861,443.863861,2970600
9/25/2013,443.718719,443.718719,438.238251,439.054047,439.054047,3294700
9/26/2013,439.5896,441.816803,437.937927,439.524536,439.524536,2517200
9/27/2013,437.847839,439.199188,436.091095,438.633636,438.633636,2515000
9/30/2013,434.974976,440.86087,434.5896,438.393402,438.393402,3441300
10/1/2013,440.565552,444.279266,440.465454,443.943939,443.943939,3366200
10/2/2013,441.806793,445.125122,439.349335,444.439453,444.439453,2987600
10/3/2013,444.444458,447.497498,436.486481,438.48349,438.48349,4229700
10/4/2013,437.937927,439.194183,435.435425,436.611603,436.611603,2713200
10/7/2013,434.159149,437.432434,432.487488,433.303314,433.303314,2584600
10/8/2013,433.093079,433.423431,426.241241,427.262268,427.262268,3883500
10/9/2013,428.568573,431.756744,421.911926,428.358368,428.358368,5297200
10/10/2013,432.352356,434.849854,430.535522,434.554565,434.554565,4506000
10/11/2013,433.448456,437.177185,433.083069,436.431427,436.431427,2814900
10/14/2013,433.763763,438.563568,433.128143,438.4935,438.4935,2484700
10/15/2013,438.318329,443.25827,437.437439,441.446442,441.446442,3180600
10/16/2013,443.378387,449.614624,442.447449,449.464478,449.464478,4011100
10/17/2013,446.941956,448.898895,443.308319,444.839844,444.839844,8504600
10/18/2013,488.778778,508.238251,487.487488,506.211212,506.211212,23109600
10/21/2013,506.236237,510.01001,500.275269,502.152161,502.152161,7249300
10/22/2013,503.002991,507.007019,498.393402,504.003998,504.003998,4412700
10/23/2013,501.001007,517.892883,500.815826,516.221191,516.221191,5321000
10/24/2013,516.451477,520.805786,512.912903,513.288269,513.288269,4180000
10/25/2013,514.924927,514.924927,505.875885,508.108093,508.108093,4056900
10/28/2013,508.108093,512.227234,507.002014,508.007996,508.007996,2315000
10/29/2013,510.060059,518.989014,507.257263,518.638611,518.638611,3206700
10/30/2013,519.234253,519.274292,513.513489,515.725708,515.725708,2645500
10/31/2013,514.97998,521.281311,512.497498,515.805786,515.805786,3276700
11/1/2013,516.411438,518.518494,513.063049,514.034058,514.034058,2564000
11/4/2013,516.266296,516.701721,511.52652,513.568542,513.568542,2275300
11/5/2013,510.685699,516.34137,509.219208,511.271271,511.271271,2360400
11/6/2013,513.313293,514.014038,508.193207,511.886902,511.886902,1823900
11/7/2013,511.816803,512.477478,504.32431,504.479492,504.479492,3355800
11/8/2013,504.879883,509.759766,504.754761,508.523529,508.523529,2579000
11/11/2013,505.260254,508.47348,504.504517,505.800812,505.800812,2222900
11/12/2013,504.35434,509.289276,503.002991,506.396393,506.396393,2433700
11/13/2013,503.878876,516.941956,503.753754,516.75177,516.75177,3155600
11/14/2013,517.477478,520.395386,515.690674,518.133118,518.133118,2331000
11/15/2013,517.952942,519.519531,515.670654,517.297302,517.297302,2550000
11/18/2013,518.393372,524.894897,515.135132,516.291321,516.291321,3515800
11/19/2013,516.376404,517.892883,512.037048,513.113098,513.113098,2260900
11/20/2013,515.490479,517.197205,510.690704,511.666656,511.666656,1925400
11/21/2013,514.014038,519.674683,513.513489,517.552551,517.552551,2181400
11/22/2013,517.227234,518.603577,515.125122,516.461487,516.461487,2505800
11/25/2013,519.099121,527.122131,518.028015,523.488464,523.488464,3222700
11/26/2013,524.824829,531.281311,521.992004,529.734741,529.734741,4568000
11/27/2013,531.54657,534.534546,530.530518,532.087097,532.087097,2244900
11/29/2013,531.611633,533.843872,530.255249,530.325317,530.325317,2383200
12/2/2013,532.287292,533.708679,525.905884,527.767761,527.767761,2743600
12/3/2013,526.000977,532.252258,525.035034,527.157166,527.157166,3348800
12/4/2013,526.211182,532.522522,525.525513,529.619629,529.619629,2380800
12/5/2013,529.12915,530.360352,526.071045,529.199219,529.199219,2265100
12/6/2013,535.43042,535.535522,530.570557,535.470459,535.470459,2854700
12/9/2013,536.031006,541.696716,534.544556,539.609619,539.609619,2962200
12/10/2013,538.613586,546.701721,538.363342,542.872864,542.872864,3704000
12/11/2013,544.244263,546.206177,538.123108,539.184204,539.184204,3420100
12/12/2013,540.325317,542.012024,535.035034,535.515503,535.515503,3189800
12/13/2013,538.23822,538.683655,529.474487,530.925903,530.925903,4320400
12/16/2013,532.532532,537.882874,531.53656,537.027039,537.027039,3200700
12/17/2013,536.94696,540.920898,534.724731,535.465454,535.465454,3068300
12/18/2013,536.461487,543.018005,530.050049,542.917908,542.917908,4416100
12/19/2013,540.925903,546.541565,540.080078,543.653625,543.653625,3328000
12/20/2013,544.694702,551.136108,544.544556,550.86084,550.86084,6516600
12/23/2013,554.474487,558.458435,553.113098,558.108093,558.108093,3439700
12/24/2013,558.04303,558.178162,554.604614,556.476501,556.476501,1466900
12/26/2013,557.562561,560.060059,554.899902,559.289307,559.289307,2672900
12/27/2013,560.560547,560.700684,557.027039,559.759766,559.759766,3136200
12/30/2013,560.730713,560.810791,555.065063,555.285278,555.285278,2469700
12/31/2013,556.676697,561.061035,553.683655,560.915894,560.915894,2713000
1/2/2014,558.288269,559.434448,554.684692,557.117126,557.117126,3639100
1/3/2014,558.058044,559.024048,553.018005,553.05304,553.05304,3330000
1/6/2014,557.062073,559.98999,553.773804,559.219238,559.219238,3535000
1/7/2014,563.063049,570.415405,561.141113,570,570,5100000
1/8/2014,573.573547,574.234253,567.212219,571.186157,571.186157,4480500
1/9/2014,572.292297,572.682678,563.343323,565.685669,565.685669,4164800
1/10/2014,570.110107,570.110107,561.686707,565.65564,565.65564,4282700
1/13/2014,563.798828,574.029053,559.144165,562.052063,562.052063,4832900
1/14/2014,569.544556,576.07605,564.609619,575.275269,575.275269,4960200
1/15/2014,577.072083,578.078064,572.467468,574.884888,574.884888,3896400
1/16/2014,575.125122,579.544556,574.574585,578.68866,578.68866,3364400
1/17/2014,579.004028,580.895874,572.672668,575.84082,575.84082,5397100
1/21/2014,581.046021,582.582581,576.226196,582.432434,582.432434,3955800
1/22/2014,583.888916,584.529541,580.01001,583.093079,583.093079,3139600
1/23/2014,580.580566,581.826843,577.762756,580.630615,580.630615,3894300
1/24/2014,576.081055,577.352356,562.062073,562.477478,562.477478,7777200
1/27/2014,563.613586,563.813843,541.676697,551.166138,551.166138,8698400
1/28/2014,555.715698,563.438416,555.525513,562.067078,562.067078,4415900
1/29/2014,560.120117,561.436462,550.260254,554.014038,554.014038,4755000
1/30/2014,573.073059,576.821838,564.189209,568.263245,568.263245,10172600
1/31/2014,586.261292,593.863892,576.141113,591.07605,591.07605,11121400
2/3/2014,590.190186,591.451477,566.571594,567.282288,567.282288,9129000
2/4/2014,569.564575,578.078064,569.074097,569.649658,569.649658,5618100
2/5/2014,572.262268,575.960938,564.574585,572.17218,572.17218,4784200
2/6/2014,576.141113,580.660645,574.349365,580.560547,580.560547,3889300
2/7/2014,584.399414,589.539551,580.86084,589.309326,589.309326,5267100
2/10/2014,586.486511,591.791809,585.095093,587.052063,587.052063,3886500
2/11/2014,590.675659,596.531555,586.691711,595.685669,595.685669,4097400
2/12/2014,595.095093,595.595581,591.281311,593.938965,593.938965,3445500
2/13/2014,590.965942,600.550537,590.42041,600.550537,600.550537,3669100
2/14/2014,598.403381,602.797791,596.997009,602.002014,602.002014,4369000
2/18/2014,601.306335,607.042053,600.600586,606.046021,606.046021,4213500
2/19/2014,603.253235,605.21521,599.349365,601.77179,601.77179,4202900
2/20/2014,602.17218,604.049072,600.710693,602.657654,602.657654,3398100
2/21/2014,604.509521,605.540527,602.022034,602.497498,602.497498,3720800
2/24/2014,603.283264,610.690674,603.153137,606.861877,606.861877,3345200
2/25/2014,608.578552,612.862854,605.815796,610.610596,610.610596,2874500
2/26/2014,612.61261,615.055054,607.487488,610.695679,610.695679,3960400
2/27/2014,609.80481,612.727722,609.114136,610.21521,610.21521,2517400
2/28/2014,610.780762,612.707703,603.713684,608.433411,608.433411,4622500
3/3/2014,603.979004,604.524536,596.666687,601.94696,601.94696,4205300
3/4/2014,608.108093,608.608582,605.355347,608.063049,608.063049,2932400
3/5/2014,608.133118,612.152161,606.31134,609.739746,609.739746,2468100
3/6/2014,611.75177,613.68866,609.909912,610.415405,610.415405,2533600
3/7/2014,614.014038,614.109131,606.326355,608.002991,608.002991,3027100
3/10/2014,608.45343,609.429443,602.647644,606.391418,606.391418,2426700
3/11/2014,607.492493,607.767761,598.918945,600.595581,600.595581,3422500
3/12/2014,598.798828,604.529541,592.687683,604.254272,604.254272,3924600
3/13/2014,604.57959,605.855835,592.972961,595.125122,595.125122,4686500
3/14/2014,591.586609,596.031006,586.851868,586.987,586.987,4583200
3/17/2014,590.21521,599.134155,589.644653,596.646667,596.646667,4319800
3/18/2014,597.932922,606.371399,597.127136,606.236206,606.236206,3626300
3/19/2014,606.506531,606.601624,597.802795,600.22522,600.22522,3222500
3/20/2014,600.575562,605.4104,598.278259,599.179199,599.179199,3366000
3/21/2014,603.758789,605.42041,591.816833,592.112122,592.112122,6410500
3/24/2014,592.687683,593.04303,573.548523,579.544556,579.544556,6068100
3/25/2014,583.583557,585.505493,574.074097,579.939941,579.939941,4815500
3/26/2014,581.586609,586.371399,566.316345,566.551575,566.551575,5154800
3/27/2014,565.990967,566.53656,551.601624,557.697693,557.697693,7636700
3/28/2014,560.060059,567.16217,559.444458,560.63562,560.63562,4513200
3/31/2014,565.765747,568.068054,556.981995,557.812805,557.812805,3880700
4/1/2014,560.695679,569.319336,559.55957,568.013,568.013,4357600
4/2/2014,571.521545,572.972961,562.562561,568.118103,568.118103,4168000
4/3/2014,573.390015,588.299988,566.01001,571.5,571.5,4018300
4/4/2014,578.549988,579.719971,544.48999,545.25,545.25,5363700
4/7/2014,544.789978,549.849976,530.530029,540.630005,540.630005,3961600
4/8/2014,545.049988,559.880005,544.700012,557.51001,557.51001,3482500
4/9/2014,565.840027,567.799988,555.380005,567.039978,567.039978,3031600
4/10/2014,568,568.210022,545.5,546.690002,546.690002,3294500
4/11/2014,537.940002,547.590027,533.400024,537.76001,537.76001,3174700
4/14/2014,543.659973,553.02002,540.52002,545.200012,545.200012,2541200
4/15/2014,551,552.890015,530.640015,548.700012,548.700012,3997800
4/16/2014,557.700012,564,553.099976,563.900024,563.900024,4582200
4/17/2014,556.320007,557,539.400024,543.340027,543.340027,5614700
4/21/2014,544,544,534,539.369995,539.369995,2425100
4/22/2014,536,548,536,545.5,545.5,2331100
4/23/2014,543.669983,544.799988,528.130005,537.51001,537.51001,1955700
4/24/2014,541.690002,542.5,531,534.440002,534.440002,2067400
4/25/2014,532.26001,533.859985,522.5,523.099976,523.099976,2370000
4/28/2014,525.799988,525.900024,511,522.97998,522.97998,3752800
4/29/2014,523.890015,537.76001,523,536.330017,536.330017,2535200
4/30/2014,535.119995,536.340027,529.090027,534.880005,534.880005,2038500
5/1/2014,534.25,539.909973,532.859985,538.530029,538.530029,2004300
5/2/2014,541.440002,542.400024,533.27002,533.869995,533.869995,1780800
5/5/2014,530.23999,535.719971,527.580017,535.330017,535.330017,1228400
5/6/2014,533.409973,534.549988,522.26001,522.570007,522.570007,1835000
5/7/2014,523.25,524.429993,511.089996,518,518,3074300
5/8/2014,515.719971,527.349976,514.460022,520.169983,520.169983,2452000
5/9/2014,518.650024,527.349976,514.280029,526.619995,526.619995,2261200
5/12/2014,531.840027,538.75,527.51001,538.429993,538.429993,1948400
5/13/2014,539.580017,543.98999,537.900024,541.539978,541.539978,2012000
5/14/2014,541.820007,541.820007,533.109985,534.409973,534.409973,1280900
5/15/2014,533.140015,534,525.309998,529.119995,529.119995,1832900
5/16/2014,529.599976,530.840027,523.570007,528.299988,528.299988,1907700
5/19/2014,528.880005,539.349976,525.659973,538.830017,538.830017,1976500
5/20/2014,540,546.349976,536.570007,540.390015,540.390015,2425300
5/21/2014,542.900024,549.75,542.109985,549.700012,549.700012,1564700
5/22/2014,552.200012,557.960022,551,555.450012,555.450012,2149700
5/23/2014,558.130005,565,554.169983,563.799988,563.799988,2672500
5/27/2014,567.780029,574.869995,564.150024,574.869995,574.869995,2185800
5/28/2014,574.570007,577.659973,569.950012,570.450012,570.450012,1581600
5/29/2014,573.390015,573.47998,568.450012,570.559998,570.559998,1411100
5/30/2014,571.640015,572.580017,565.789978,571.650024,571.650024,1871700
6/2/2014,569.75,570.409973,556.700012,564.340027,564.340027,1660500
6/3/2014,560.900024,562.400024,552.530029,554.51001,554.51001,2031300
6/4/2014,551.52002,558.580017,548.559998,553.76001,553.76001,1729100
6/5/2014,557.109985,565,555.049988,564.929993,564.929993,1793400
6/6/2014,568.159973,568.799988,559.580017,566.030029,566.030029,1740200
6/9/2014,566.75,572,565.219971,570.72998,570.72998,1529700
6/10/2014,568.780029,572,566.130005,568.299988,568.299988,1483800
6/11/2014,565.919983,568.969971,563.679993,567.5,567.5,1129000
6/12/2014,567,567,557.150024,559.5,559.5,1546500
6/13/2014,560.080017,560.650024,553.719971,560.349976,560.349976,1353300
6/16/2014,557.25,557.98999,550,552.299988,552.299988,1971800
6/17/2014,552.359985,553.73999,547.469971,550.619995,550.619995,1477600
6/18/2014,552.799988,561.400024,551.580017,560.659973,560.659973,2060600
6/19/2014,561.150024,565,556.669983,564.98999,564.98999,2627400
6/20/2014,566.450012,566.77002,559.369995,566.52002,566.52002,3160600
6/23/2014,564.349976,574.440002,563.5,574.289978,574.289978,1722800
6/24/2014,574.219971,582.25,569.159973,572.539978,572.539978,2844300
6/25/2014,573.549988,587.299988,573.26001,585.929993,585.929993,2114700
6/26/2014,589.299988,589.599976,579.599976,584.77002,584.77002,2012400
6/27/2014,585.450012,587.880005,582.619995,585.690002,585.690002,2021300
6/30/2014,586.76001,587.710022,583.289978,584.669983,584.669983,1478900
7/1/2014,587.650024,593.659973,586.289978,591.48999,591.48999,1643200
7/2/2014,592.26001,594.150024,589.109985,590.780029,590.780029,1195800
7/3/2014,591.700012,594.25,589,593.080017,593.080017,898900
7/7/2014,593.51001,595.650024,587.940002,590.76001,590.76001,1336700
7/8/2014,586.369995,587.969971,574,578.400024,578.400024,2125200
7/9/2014,578.950012,584.099976,577,583.359985,583.359985,1372800
7/10/2014,573,585.25,572.099976,580.039978,580.039978,1436200
7/11/2014,581,588.22998,580.580017,586.650024,586.650024,1511600
7/14/2014,590.599976,594.859985,586.690002,594.26001,594.26001,1951600
7/15/2014,595.150024,595.299988,585.309998,593.059998,593.059998,1673800
7/16/2014,596.890015,597,590.25,590.619995,590.619995,1440800
7/17/2014,588.969971,589.5,576.849976,580.820007,580.820007,2935300
7/18/2014,603.01001,606.700012,590.919983,605.109985,605.109985,4871600
7/21/2014,601.349976,604.159973,594.450012,598.440002,598.440002,2237900
7/22/2014,599.700012,608.890015,599.26001,603.570007,603.570007,1881600
7/23/2014,602.049988,607.049988,601.349976,605.190002,605.190002,1106000
7/24/2014,605.530029,608.909973,601,603.01001,603.01001,1355000
7/25/2014,599.25,601,595.75,598.080017,598.080017,1360000
7/28/2014,597.75,601.099976,592.590027,599.02002,599.02002,1358100
7/29/2014,597.700012,598.48999,592.169983,593.950012,593.950012,1366600
7/30/2014,595.809998,598.450012,592.700012,595.440002,595.440002,1215100
7/31/2014,588.960022,591.98999,577.679993,579.549988,579.549988,2309500
8/1/2014,578.549988,583.429993,570.299988,573.599976,573.599976,2213300
8/4/2014,576.51001,583.820007,572.26001,582.27002,582.27002,1519400
8/5/2014,579.380005,580.200012,570.309998,573.140015,573.140015,1643800
8/6/2014,569.5,578.640015,567.450012,574.48999,574.48999,1322800
8/7/2014,576.049988,578.309998,569.429993,571.809998,571.809998,1163000
8/8/2014,572.02002,579.559998,569.02002,577.940002,577.940002,1493300
8/11/2014,579,579.690002,575.299988,577.25,577.25,1203400
8/12/2014,575,575.900024,569.909973,572.119995,572.119995,1394500
8/13/2014,576.450012,586.130005,575.200012,584.559998,584.559998,1899400
8/14/2014,586.690002,587.799988,580.919983,584.650024,584.650024,1272900
8/15/2014,587.5,589.469971,580.76001,583.710022,583.710022,1723400
8/18/2014,587.099976,595.049988,586.549988,592.700012,592.700012,1466000
8/19/2014,595.590027,597.809998,594.440002,597.109985,597.109985,1043200
8/20/2014,596.950012,596.98999,593,595.409973,595.409973,967300
8/21/2014,594.900024,595.25,591.099976,592.419983,592.419983,1132000
8/22/2014,593.27002,594.98999,589.799988,592.539978,592.539978,877200
8/25/2014,594.77002,595.580017,589.26001,590.570007,590.570007,1295600
8/26/2014,592,592.049988,587.450012,588.119995,588.119995,1471700
8/27/2014,587.809998,589.369995,580.900024,583,583,1364600
8/28/2014,580.02002,584.710022,577.880005,580.320007,580.320007,1405800
8/29/2014,582.349976,582.900024,578.23999,582.359985,582.359985,1206100
9/2/2014,582.950012,589.299988,582.400024,588.630005,588.630005,1583000
9/3/2014,591.72998,594.48999,586.5,589.52002,589.52002,1579000
9/4/2014,592.130005,598,590.599976,593.140015,593.140015,1630800
9/5/2014,595.130005,598.5,593.549988,597.780029,597.780029,1799100
9/8/2014,599.140015,603.52002,598.02002,601.630005,601.630005,1599200
9/9/2014,600.27002,600.599976,590.47998,591.969971,591.969971,1571200
9/10/2014,591.73999,593.719971,587.140015,593.419983,593.419983,1160100
9/11/2014,590,591.950012,586.039978,591.109985,591.109985,1501400
9/12/2014,590.390015,591.47998,583.280029,584.900024,584.900024,1851500
9/15/2014,582.23999,583.919983,577.01001,581.640015,581.640015,1545400
9/16/2014,580.950012,590.150024,580.950012,588.780029,588.780029,1579600
9/17/2014,589.51001,596.070007,587.119995,593.289978,593.289978,1719500
9/18/2014,595.049988,597.559998,593.02002,597.27002,597.27002,1494500
9/19/2014,599.48999,605.400024,597.76001,605.400024,605.400024,4191600
9/22/2014,602.5,603.799988,593.119995,597.27002,597.27002,1782200
9/23/2014,595,596.650024,590.23999,591.179993,591.179993,1403700
9/24/2014,591.570007,600.109985,590.299988,598.419983,598.419983,1758000
9/25/2014,596.98999,598.070007,584.73999,585.25,585.25,1671000
9/26/2014,585.929993,589.570007,585,587.900024,587.900024,1289100
9/29/2014,581.830017,589.309998,581.570007,587.809998,587.809998,1143700
9/30/2014,587.48999,591,584.5,588.409973,588.409973,1571500
10/1/2014,586.799988,588.719971,578.02002,579.630005,579.630005,1447700
10/2/2014,578,583.23999,574.049988,580.880005,580.880005,1536300
10/3/2014,584.099976,588.289978,583.5,586.25,586.25,1214500
10/6/2014,589.950012,592.400024,585.400024,587.780029,587.780029,1286100
10/7/2014,584.900024,585.849976,574.099976,574.099976,574.099976,1545700
10/8/2014,574.789978,584.690002,567.640015,583.73999,583.73999,2207900
10/9/2014,581.609985,582.530029,569.030029,570.809998,570.809998,2411700
10/10/2014,567.469971,575.22998,555.01001,555.190002,555.190002,2978700
10/13/2014,555.130005,560.880005,544.429993,544.75,544.75,2755800
10/14/2014,550.140015,558.630005,544.5,548.690002,548.690002,2609900
10/15/2014,542.080017,543.919983,528.419983,540.72998,540.72998,3836000
10/16/2014,527,540.98999,524.950012,536.919983,536.919983,3805000
10/17/2014,540.450012,543.450012,518.409973,522.969971,522.969971,5996500
10/20/2014,520.450012,533.159973,519.140015,532.380005,532.380005,2748200
10/21/2014,537.27002,538.77002,530.200012,538.030029,538.030029,2459500
10/22/2014,541.049988,550.76001,540.22998,542.690002,542.690002,2973700
10/23/2014,548.280029,557.400024,545.5,553.650024,553.650024,2151300
10/24/2014,554.97998,555,545.159973,548.900024,548.900024,2175400
10/27/2014,547.76001,554,547.200012,549.880005,549.880005,1596700
10/28/2014,551.710022,559.200012,550.429993,558.940002,558.940002,1738700
10/29/2014,560.849976,564.969971,555.97998,558.450012,558.450012,2053300
10/30/2014,558.25,562.5,552.130005,560.27002,560.27002,1612500
10/31/2014,568.299988,568.72998,564.809998,567.869995,567.869995,2340500
11/3/2014,563.530029,567.150024,561.630005,563.77002,563.77002,1541700
11/4/2014,561.159973,564.789978,558.299988,564.190002,564.190002,1386300
11/5/2014,566.789978,566.900024,554.150024,555.950012,555.950012,1645300
11/6/2014,555.5,556.799988,550.580017,551.690002,551.690002,1650700
11/7/2014,555.599976,555.599976,549.349976,551.820007,551.820007,1589100
11/10/2014,552.400024,560.630005,551.619995,558.22998,558.22998,1304500
11/11/2014,558.52002,562.5,556.23999,561.289978,561.289978,1098300
11/12/2014,561.150024,561.25,555.5,558.25,558.25,1094100
11/13/2014,560.809998,560.820007,554.090027,556.440002,556.440002,1511000
11/14/2014,558,558,552.51001,555.190002,555.190002,1425100
11/17/2014,555.190002,555.190002,544.440002,546.640015,546.640015,1680600
11/18/2014,547.929993,552.789978,543.799988,544.51001,544.51001,1822000
11/19/2014,544.75,548.219971,539.190002,547.200012,547.200012,1517300
11/20/2014,542.090027,545.380005,541.5,543.76001,543.76001,1750800
11/21/2014,551.039978,551.039978,545,545.890015,545.890015,2506000
11/24/2014,546.570007,551.190002,544.150024,547.47998,547.47998,1653800
11/25/2014,547.210022,552.5,546.909973,549.22998,549.22998,1903600
11/26/2014,549.22998,549.880005,545.22998,547.72998,547.72998,1480200
11/28/2014,547,549.599976,544.47998,549.080017,549.080017,1210100
12/1/2014,545.090027,548.789978,538.619995,539.650024,539.650024,1994400
12/2/2014,539.450012,541.849976,534.659973,538.590027,538.590027,2074000
12/3/2014,537.5,541.409973,535.210022,536.969971,536.969971,1623800
12/4/2014,537.640015,542.690002,534.890015,542.580017,542.580017,1629900
12/5/2014,536.700012,538.200012,527.26001,528.080017,528.080017,3070100
12/8/2014,529.219971,533.820007,527,530.72998,530.72998,3228300
12/9/2014,525.880005,536.650024,523.409973,536.109985,536.109985,2166100
12/10/2014,535.900024,539.359985,527.48999,528.039978,528.039978,2311100
12/11/2014,530.01001,537.039978,529.159973,532.109985,532.109985,2071300
12/12/2014,527.440002,532.23999,521.460022,521.51001,521.51001,2365700
12/15/2014,523.76001,525.369995,515.400024,515.840027,515.840027,2617600
12/16/2014,513.599976,515.580017,497.190002,498.160004,498.160004,4349900
12/17/2014,499.859985,509.070007,499.109985,506.450012,506.450012,3639400
12/18/2014,515.98999,516.25,506.559998,514.619995,514.619995,3876700
12/19/2014,516.98999,520.809998,508.859985,520.039978,520.039978,4872100
12/22/2014,520.609985,532.969971,520.590027,532.299988,532.299988,3319500
12/23/2014,534.51001,542.299988,533.719971,538.77002,538.77002,2877200
12/24/2014,538.820007,540.289978,535.099976,536.929993,536.929993,737700
12/26/2014,536.929993,543.25,535.48999,541.52002,541.52002,1113500
12/29/2014,540.5,543.929993,537.159973,537.309998,537.309998,2215000
12/30/2014,534.960022,537.840027,533.609985,535.280029,535.280029,1048600
12/31/2014,537.73999,538.400024,530.200012,530.659973,530.659973,1232400
1/2/2015,532.599976,535.799988,527.880005,529.549988,529.549988,1324000
1/5/2015,527.150024,527.98999,517.75,519.460022,519.460022,2059100
1/6/2015,520.5,521.210022,505.549988,506.640015,506.640015,2722800
1/7/2015,510.950012,511.48999,503.649994,505.149994,505.149994,2345900
1/8/2015,501.51001,507.5,495.019989,506.910004,506.910004,3652700
1/9/2015,508.179993,508.600006,498.649994,500.720001,500.720001,2097000
1/12/2015,499.23999,500.279999,490.910004,497.059998,497.059998,2854100
1/13/2015,502.570007,508.600006,497.26001,501.799988,501.799988,3047900
1/14/2015,500.420013,508.26001,498.160004,505.929993,505.929993,2640000
1/15/2015,508.890015,509.75,502.01001,504.01001,504.01001,2553400
1/16/2015,503.149994,510.850006,503.089996,510.459991,510.459991,2482900
1/20/2015,512.77002,515.609985,509.369995,509.940002,509.940002,2339800
1/21/2015,510.839996,521.849976,509.589996,520.390015,520.390015,2317800
1/22/2015,523,538.840027,521.909973,537.299988,537.299988,2803400
1/23/2015,538.030029,545.409973,535.75,541.950012,541.950012,2292800
1/26/2015,541.5,541.5,532.070007,536.719971,536.719971,1544700
1/27/2015,531.400024,532.780029,520.859985,521.190002,521.190002,1957400
1/28/2015,525,525.690002,512.349976,512.429993,512.429993,1791100
1/29/2015,512.900024,515.190002,503.480011,513.22998,513.22998,3950900
1/30/2015,519,543.099976,518.179993,537.549988,537.549988,6055400
2/2/2015,534.320007,536.5,521.719971,532.200012,532.200012,3768900
2/3/2015,529.940002,537.450012,526.809998,533.299988,533.299988,2330200
2/4/2015,533.140015,536.75,525.030029,526.099976,526.099976,1694800
2/5/2015,527.929993,530.690002,525.640015,529.830017,529.830017,1658800
2/6/2015,531.01001,540.219971,528.650024,533.880005,533.880005,2134400
2/9/2015,531.059998,533.880005,527.549988,529.280029,529.280029,1515700
2/10/2015,532.150024,541,529.169983,540.159973,540.159973,2371500
2/11/2015,539.72998,541.950012,536,538,538,1915300
2/12/2015,539.659973,548.340027,537,546.01001,546.01001,2429500
2/13/2015,547.51001,552.539978,546.599976,551.159973,551.159973,2369100
2/17/2015,551.159973,553,543.26001,545.01001,545.01001,1958700
2/18/2015,543.820007,547.549988,539.549988,542.650024,542.650024,1453300
2/19/2015,542.469971,546.859985,540.75,546.450012,546.450012,1541700
2/20/2015,547.580017,547.580017,538.099976,541.799988,541.799988,1911700
2/23/2015,539,539.299988,532,535,535,1645300
2/24/2015,531.549988,539.400024,531,538.650024,538.650024,1420300
2/25/2015,538.440002,549.570007,538.01001,547.330017,547.330017,2041800
2/26/2015,545.73999,560.130005,545.090027,559.289978,559.289978,2701600
2/27/2015,558.150024,569.419983,557.030029,562.630005,562.630005,3416400
3/2/2015,567,575.98999,563.150024,575.02002,575.02002,2520300
3/3/2015,576.349976,580.849976,570.5,578.789978,578.789978,2526300
3/4/2015,576.969971,581.630005,572.52002,578.330017,578.330017,1850500
3/5/2015,579.619995,583.200012,578.22998,581.429993,581.429993,1795900
3/6/2015,582,582.780029,572.059998,572.900024,572.900024,1879600
3/9/2015,570.919983,575.450012,569.049988,574.099976,574.099976,1173900
3/10/2015,568.47998,569.76001,559.820007,559.849976,559.849976,1979300
3/11/2015,559.799988,564.179993,555.409973,555.690002,555.690002,2026200
3/12/2015,558.47998,561.840027,555.530029,561.169983,561.169983,1780100
3/13/2015,559.22998,564.359985,550.330017,553,553,1771400
3/16/2015,556.929993,563.75,551.320007,561.640015,561.640015,1842800
3/17/2015,558.289978,560.640015,554.409973,557.609985,557.609985,1441900
3/18/2015,557.72998,566.51001,553.5,566.159973,566.159973,1759700
3/19/2015,564.52002,566.960022,562.119995,563.669983,563.669983,1233000
3/20/2015,566.710022,567.099976,564.47998,564.950012,564.950012,2216000
3/23/2015,566,569.640015,563.059998,565.369995,565.369995,1501200
3/24/2015,568.539978,581.880005,568.090027,577.539978,577.539978,3957800
3/25/2015,577.570007,580.070007,567,567,567,2653500
3/26/2015,564.650024,567.190002,558.309998,563.640015,563.640015,2492100
3/27/2015,561.830017,564.070007,556.929993,557.549988,557.549988,1723500
3/30/2015,560.25,562.159973,556.789978,561.140015,561.140015,1239400
3/31/2015,557.940002,562.450012,554.669983,554.700012,554.700012,1746600
4/1/2015,554.830017,558.5,546.030029,549.48999,549.48999,1932300
4/2/2015,547.409973,548,540.440002,541.309998,541.309998,2388000
4/6/2015,538.840027,545.539978,535.700012,543.950012,543.950012,1685900
4/7/2015,544.98999,550.159973,543.590027,544.859985,544.859985,1365900
4/8/2015,546,551.5,546,548.840027,548.840027,1419300
4/9/2015,549.210022,549.369995,541.950012,548.02002,548.02002,1618300
4/10/2015,549.570007,549.849976,544.97998,548.539978,548.539978,1305200
4/13/2015,547.049988,553.27002,546.299988,548.640015,548.640015,1466300
4/14/2015,546.570007,546.570007,535.73999,539.780029,539.780029,2354300
4/15/2015,537.960022,543.190002,532.369995,541.039978,541.039978,2348100
4/16/2015,538.349976,545.22998,538.099976,543.52002,543.52002,1586100
4/17/2015,537.309998,539.799988,529,532.73999,532.73999,2461700
4/20/2015,533.75,545.799988,533.349976,544.530029,544.530029,1925400
4/21/2015,546.309998,547.77002,542.210022,542.919983,542.919983,1456400
4/22/2015,543.059998,551,541.320007,549.179993,549.179993,1590300
4/23/2015,550.409973,561.169983,550.080017,557.460022,557.460022,3909200
4/24/2015,580.049988,584.700012,568.349976,573.659973,573.659973,4608400
4/27/2015,572.77002,575.52002,562.299988,566.119995,566.119995,2403100
4/28/2015,564.320007,567.830017,560.960022,564.369995,564.369995,1858900
4/29/2015,560.51001,565.840027,559,561.390015,561.390015,1681100
4/30/2015,558.559998,561.109985,546.719971,548.77002,548.77002,2362000
5/1/2015,550.51001,551.219971,543.849976,551.159973,551.159973,1828600
5/4/2015,550.98999,556.690002,547.390015,552.840027,552.840027,1763000
5/5/2015,550.159973,552.609985,542.369995,543.039978,543.039978,1426400
5/6/2015,542.640015,543.929993,532.23999,535.080017,535.080017,1951700
5/7/2015,535.900024,545.200012,533.450012,542.039978,542.039978,1592200
5/8/2015,548.869995,552.799988,548.030029,548.950012,548.950012,1411300
5/11/2015,548.48999,553.369995,545.599976,545.780029,545.780029,1092900
5/12/2015,542.809998,542.960022,535,538.72998,538.72998,1764100
5/13/2015,540.469971,543.840027,538.97998,539.48999,539.48999,1211900
5/14/2015,543.969971,549.690002,542.5,549.200012,549.200012,1586800
5/15/2015,550.390015,550.599976,542.5,546.48999,546.48999,1672000
5/18/2015,543.820007,548.340027,542.25,546.669983,546.669983,1247600
5/19/2015,548,553.400024,547.119995,549.280029,549.280029,2356300
5/20/2015,550.919983,556.070007,545.099976,552.51001,552.51001,1542000
5/21/2015,550.200012,557.609985,549.299988,556.809998,556.809998,1708500
5/22/2015,554.460022,558.23999,553.619995,554.52002,554.52002,1213300
5/26/2015,552.580017,553.330017,542.969971,547.190002,547.190002,1873700
5/27/2015,548.679993,555.289978,546.580017,554.25,554.25,1742200
5/28/2015,553.789978,555.76001,550.799988,554.179993,554.179993,1177200
5/29/2015,553.200012,553.940002,545.039978,545.320007,545.320007,2154600
6/1/2015,548.72998,550.570007,543.580017,549.210022,549.210022,1660500
6/2/2015,547.429993,558.789978,546.549988,553.950012,553.950012,1592100
6/3/2015,555.099976,557.98999,552.150024,555.289978,555.289978,1335500
6/4/2015,552.179993,555.960022,549.119995,551.690002,551.690002,1343300
6/5/2015,552,553.330017,547.380005,549.530029,549.530029,1219800
6/8/2015,549.609985,549.869995,542.950012,543.47998,543.47998,1360700
6/9/2015,543.419983,544.840027,538.849976,542.159973,542.159973,1500800
6/10/2015,545.700012,554.780029,545.109985,552.599976,552.599976,1515800
6/11/2015,554.48999,554.830017,549.169983,550.039978,550.039978,1293600
6/12/2015,547.150024,548.849976,545.630005,547.469971,547.469971,1273400
6/15/2015,542.72998,544.049988,539.210022,543,543,1357500
6/16/2015,544.47998,546.690002,541.570007,544.869995,544.869995,1626300
6/17/2015,545.419983,548.359985,541.809998,546.599976,546.599976,1222000
6/18/2015,548,557.25,548,556.179993,556.179993,2059600
6/19/2015,556.52002,557.909973,552.26001,557.52002,557.52002,2964500
6/22/2015,559.409973,565.609985,558.909973,559.679993,559.679993,1737600
6/23/2015,559.789978,564.900024,557.150024,563.390015,563.390015,1569800
6/24/2015,562.47998,562.640015,556.809998,558.570007,558.570007,1446200
6/25/2015,560.299988,563.140015,557.460022,557.950012,557.950012,1334200
6/26/2015,559.710022,560,551.849976,553.059998,553.059998,2183800
6/29/2015,546.75,550.900024,540.23999,541.25,541.25,1887800
6/30/2015,545.090027,545.900024,539.539978,540.039978,540.039978,1725500
7/1/2015,543.659973,545.809998,539.76001,543.299988,543.299988,1538000
7/2/2015,544.73999,548,543.570007,547.340027,547.340027,1406200
7/6/2015,542.25,548.580017,542.099976,545.619995,545.619995,1280700
7/7/2015,547.429993,551,539.849976,550.030029,550.030029,1678900
7/8/2015,545.599976,548.280029,541.200012,541.700012,541.700012,1383100
7/9/2015,548.650024,548.880005,544.619995,544.650024,544.650024,1488300
7/10/2015,553.710022,559.289978,552,556.109985,556.109985,2171800
7/13/2015,559.51001,572.849976,558.700012,571.72998,571.72998,2089600
7/14/2015,574.5,589.710022,574.169983,584.179993,584.179993,3741600
7/15/2015,583.73999,588.690002,580.210022,583.960022,583.960022,2073300
7/16/2015,589.5,604.5,587.919983,601.780029,601.780029,5632100
7/17/2015,680,703,678,699.619995,699.619995,12858100
7/20/2015,688.97998,697.799988,681.77002,692.840027,692.840027,5121800
7/21/2015,684.880005,705.599976,684.150024,695.349976,695.349976,3780200
7/22/2015,694.02002,713.330017,691.619995,695.099976,695.099976,4155000
7/23/2015,691.849976,696.070007,671.590027,674.72998,674.72998,3811600
7/24/2015,676.77002,677.789978,653.179993,654.77002,654.77002,4131100
7/27/2015,651.570007,667.070007,651.549988,658.27002,658.27002,2919100
7/28/2015,661.76001,664.099976,653.409973,659.659973,659.659973,1718200
7/29/2015,662.26001,663.330017,652.840027,661.429993,661.429993,1837800
7/30/2015,657.440002,668.049988,651.690002,664.559998,664.559998,1980300
7/31/2015,664.700012,665,657.200012,657.5,657.5,1746100
8/3/2015,657.659973,666.669983,657.659973,664.719971,664.719971,1567400
8/4/2015,664.340027,668,660.51001,661.280029,661.280029,1309400
8/5/2015,665.75,679.909973,665.580017,673.289978,673.289978,1822400
8/6/2015,673.98999,674.75,660.72998,670.150024,670.150024,2033000
8/7/2015,667.780029,668.799988,658.869995,664.390015,664.390015,1377200
8/10/2015,667.090027,671.619995,660.22998,663.140015,663.140015,1722900
8/11/2015,699.580017,704,684.320007,690.299988,690.299988,5264100
8/12/2015,694.48999,696,680.51001,691.469971,691.469971,2924900
8/13/2015,689.200012,694.030029,682.179993,686.51001,686.51001,1817700
8/14/2015,684.039978,692.26001,682.900024,689.369995,689.369995,1377400
8/17/2015,688.039978,694.73999,683.059998,694.109985,694.109985,1234000
8/18/2015,691.070007,695.76001,685.320007,688.72998,688.72998,1385500
8/19/2015,690.109985,700.200012,686.799988,694.039978,694.039978,2509700
8/20/2015,689.099976,696.159973,675.280029,679.47998,679.47998,2889900
8/21/2015,671.039978,672.890015,643.099976,644.030029,644.030029,4594000
8/24/2015,600.599976,627.679993,593.090027,618.109985,618.109985,6489400
8/25/2015,646.469971,647,611.669983,612.469971,612.469971,3571500
8/26/2015,643.099976,662.47998,630.369995,659.73999,659.73999,4387000
8/27/2015,671.98999,673.97998,651.099976,667.960022,667.960022,2948700
8/28/2015,665.76001,667,653.75,659.690002,659.690002,1941800
8/31/2015,654.340027,664.409973,646.349976,647.820007,647.820007,1907500
9/1/2015,633.809998,644.440002,625.059998,629.559998,629.559998,2572900
9/2/2015,638,645.059998,630.640015,644.909973,644.909973,1881500
9/3/2015,647.929993,651.25,633.809998,637.049988,637.049988,1728600
9/4/2015,629.700012,634.5,626.5,628.960022,628.960022,2023900
9/8/2015,641,645.039978,632.900024,643.880005,643.880005,1954600
9/9/2015,651.880005,657.359985,640.900024,643.409973,643.409973,2041800
9/10/2015,643.900024,654.900024,641.700012,651.080017,651.080017,1392500
9/11/2015,650.210022,655.309998,647.409973,655.299988,655.299988,1744600
9/14/2015,655.630005,655.919983,649.5,652.469971,652.469971,1497100
9/15/2015,656.710022,668.849976,653.340027,665.070007,665.070007,1761800
9/16/2015,665.549988,668.070007,662.200012,665.52002,665.52002,1312600
9/17/2015,667.48999,681.98999,665,671.669983,671.669983,2387600
9/18/2015,665.059998,669.840027,660.030029,660.919983,660.919983,3592700
9/21/2015,665.51001,669,658,666.97998,666.97998,1954700
9/22/2015,657.469971,658.820007,645.030029,653.200012,653.200012,2718100
9/23/2015,652.900024,660.280029,650.72998,653.289978,653.289978,1458000
9/24/2015,648.969971,656.77002,642.169983,654.909973,654.909973,1934600
9/25/2015,658.580017,658.580017,639.659973,640.150024,640.150024,2424000
9/28/2015,639.049988,642.849976,617.840027,624.25,624.25,2382300
9/29/2015,625.5,634.679993,618.030029,622.609985,622.609985,2106500
9/30/2015,631.830017,639.309998,629.150024,638.369995,638.369995,2631200
10/1/2015,637.940002,643.840027,631.119995,642,642,2125300
10/2/2015,638.01001,657,633.5,656.98999,656.98999,2439400
10/5/2015,661.599976,673.030029,655.869995,671.679993,671.679993,1898000
10/6/2015,669.349976,678.799988,663.080017,671.640015,671.640015,2138700
10/7/2015,677.400024,678.73999,658.109985,670,670,2217700
10/8/2015,669.450012,671.890015,654.48999,667,667,1965400
10/9/2015,667.48999,674.090027,662.359985,671.23999,671.23999,1606200
10/12/2015,669.190002,677.97998,667.23999,676.429993,676.429993,1334200
10/13/2015,674.26001,688.460022,673.109985,683.169983,683.169983,2122300
10/14/2015,683.72998,690.039978,678.900024,680.409973,680.409973,1564600
10/15/2015,685.25,694.159973,684.390015,693.02002,693.02002,2357800
10/16/2015,695.400024,696.219971,689.099976,695.320007,695.320007,1815800
10/19/2015,694,700.23999,692.210022,699.950012,699.950012,1508600
10/20/2015,697.890015,698,673.679993,680,680,2613300
10/21/2015,683.210022,684.900024,670.700012,671.799988,671.799988,1597600
10/22/2015,675.440002,688.049988,671.700012,681.140015,681.140015,4431600
10/23/2015,750.059998,752.5,717.940002,719.330017,719.330017,6336300
10/26/2015,720.02002,734.950012,720.02002,731.119995,731.119995,2438800
10/27/2015,726.570007,735.960022,724.140015,732.820007,732.820007,1938900
10/28/2015,733,737.369995,727.27002,736.919983,736.919983,1980200
10/29/2015,736.630005,746.789978,735.159973,744.849976,744.849976,1822800
10/30/2015,745.559998,746.309998,736.530029,737.390015,737.390015,1999200
11/2/2015,734.530029,748.179993,731.450012,747.73999,747.73999,1995700
11/3/2015,745.429993,751.700012,741.159973,748.820007,748.820007,1815300
11/4/2015,749.900024,759.900024,749.200012,755.309998,755.309998,2083400
11/5/2015,758.809998,766.349976,757.469971,760.669983,760.669983,2274300
11/6/2015,759.390015,763.02002,755.030029,761.599976,761.599976,1677200
11/9/2015,758.52002,763.299988,749.109985,754.77002,754.77002,1776900
11/10/2015,753.47998,760.599976,748.409973,758.26001,758.26001,1489900
11/11/2015,762.380005,769.080017,759.75,765.25,765.25,2093300
11/12/2015,760.179993,765.799988,755.859985,756.530029,756.530029,1772600
11/13/2015,754.039978,755.330017,739.469971,740.070007,740.070007,2409400
11/16/2015,740.210022,751.710022,734.330017,750.419983,750.419983,2535200
11/17/2015,752.469971,754.950012,744.049988,745.97998,745.97998,1943200
11/18/2015,749.570007,761.099976,747.390015,760.01001,760.01001,1813300
11/19/2015,759.780029,763.22998,757.22998,759.940002,759.940002,1403900
11/20/2015,769.299988,779.320007,764.099976,777,777,2773900
11/23/2015,777.469971,782.900024,773.51001,776.700012,776.700012,1732400
11/24/2015,772.960022,775.98999,758.109985,769.630005,769.630005,2394000
11/25/2015,771.690002,773,766.530029,769.26001,769.26001,1180600
11/27/2015,769.159973,774,767,771.969971,771.969971,721700
11/30/2015,771.869995,775.030029,761.119995,762.849976,762.849976,1679300
12/1/2015,766.940002,785,765.950012,783.789978,783.789978,2019900
12/2/2015,785.25,793.049988,776.429993,777.849976,777.849976,2343800
12/3/2015,780.559998,784.47998,762.450012,768.200012,768.200012,2097500
12/4/2015,769.710022,782.419983,765.51001,779.210022,779.210022,2490000
12/7/2015,780.059998,781,766.719971,772.98999,772.98999,1831300
12/8/2015,764.5,778.650024,762.52002,775.140015,775.140015,1554100
12/9/2015,771.099976,776.090027,752.01001,762.549988,762.549988,2327500
12/10/2015,763.590027,766.070007,755,760.039978,760.039978,1616600
12/11/2015,749,757.440002,748.650024,750.419983,750.419983,2159200
12/14/2015,751.26001,764.150024,736.26001,762.539978,762.539978,2693200
12/15/2015,767.789978,774.75,758,760.090027,760.090027,2469300
12/16/2015,766.570007,781.5,757.049988,776.590027,776.590027,2656000
12/17/2015,781.159973,781.590027,769.299988,769.830017,769.830017,1825500
12/18/2015,767.22998,774.140015,756.590027,756.849976,756.849976,3389700
12/21/2015,763.049988,766.349976,754.150024,760.799988,760.799988,1742400
12/22/2015,764.27002,770.340027,761.200012,767.130005,767.130005,1812900
12/23/2015,770.690002,771.900024,757.650024,768.51001,768.51001,1529700
12/24/2015,768.52002,769.200012,764.390015,765.840027,765.840027,520600
12/28/2015,770,782.820007,767.72998,782.23999,782.23999,1554300
12/29/2015,786.98999,798.690002,786.200012,793.960022,793.960022,1921500
12/30/2015,793.960022,796.460022,787.200012,790.299988,790.299988,1428300
12/31/2015,787.820007,788.330017,777.320007,778.01001,778.01001,1637600
1/4/2016,762.200012,762.200012,747.539978,759.440002,759.440002,3369100
1/5/2016,764.099976,769.200012,755.650024,761.530029,761.530029,2260800
1/6/2016,750.369995,765.72998,748,759.330017,759.330017,2410300
1/7/2016,746.48999,755.309998,735.280029,741,741,3156600
1/8/2016,747.799988,750.119995,728.919983,730.909973,730.909973,2375300
1/11/2016,731.950012,735.080017,719.559998,733.070007,733.070007,2537900
1/12/2016,740.75,748.340027,736.429993,745.340027,745.340027,2340800
1/13/2016,749.340027,753,716.780029,719.570007,719.570007,2586400
1/14/2016,724.440002,739.890015,705,731.390015,731.390015,2777900
1/15/2016,709.98999,724.159973,701.51001,710.48999,710.48999,3833800
1/19/2016,720.150024,725.349976,709.849976,719.080017,719.080017,2436200
1/20/2016,705.900024,726.950012,687.780029,718.559998,718.559998,4122000
1/21/2016,720.169983,737.669983,711.109985,726.669983,726.669983,2596900
1/22/2016,742,748.559998,740.5,745.460022,745.460022,2357300
1/25/2016,743.840027,752.460022,732.5,733.619995,733.619995,2267000
1/26/2016,735.210022,739.460022,726.969971,733.789978,733.789978,1543100
1/27/2016,735.890015,735.890015,713.450012,717.580017,717.580017,2121400
1/28/2016,738.190002,751.159973,730.599976,748.299988,748.299988,3105200
1/29/2016,748.960022,765.109985,744.200012,761.349976,761.349976,3790400
2/1/2016,771.26001,777.590027,761.380005,770.77002,770.77002,5576100
2/2/2016,800.5,810.349976,780.599976,780.909973,780.909973,6792300
2/3/2016,786.280029,791.429993,736.26001,749.380005,749.380005,6555700
2/4/2016,744.590027,745.23999,722.599976,730.030029,730.030029,5214800
2/5/2016,725.5,726.719971,700.140015,703.76001,703.76001,5477800
2/8/2016,687.679993,704.52002,682.01001,704.159973,704.159973,4470500
2/9/2016,692.950012,720.960022,688.5,701.02002,701.02002,4197900
2/10/2016,711.789978,723.219971,705.390015,706.849976,706.849976,3015700
2/11/2016,696.340027,712.320007,691.190002,706.359985,706.359985,3250200
2/12/2016,712.210022,716,701.580017,706.890015,706.890015,2326900
2/16/2016,718.650024,722.880005,710.179993,717.640015,717.640015,2172200
2/17/2016,727,733.76001,716.609985,731.969971,731.969971,2457700
2/18/2016,733.960022,736,715.549988,717.51001,717.51001,2363800
2/19/2016,715.900024,724.030029,713.119995,722.109985,722.109985,1745900
2/22/2016,729.51001,734.849976,723.450012,729.049988,729.049988,1875800
2/23/2016,726.099976,730.900024,715.669983,717.289978,717.289978,2066600
2/24/2016,710.609985,721.219971,702.02002,720.900024,720.900024,1854600
2/25/2016,722.929993,729.51001,713.22998,729.119995,729.119995,1798600
2/26/2016,733.599976,736.159973,721.940002,724.859985,724.859985,2123700
2/29/2016,721,730.599976,716.840027,717.219971,717.219971,2253400
3/1/2016,721.299988,742.330017,718.640015,742.169983,742.169983,3005600
3/2/2016,742.869995,743.119995,733.25,739.47998,739.47998,1814600
3/3/2016,739.47998,741,729.630005,731.590027,731.590027,2025400
3/4/2016,734.799988,735,725.619995,730.219971,730.219971,2425800
3/7/2016,725.150024,727.210022,705.140015,712.799988,712.799988,3084500
3/8/2016,708.390015,722.25,704,713.530029,713.530029,2626500
3/9/2016,715.169983,726.23999,712.659973,725.409973,725.409973,1977200
3/10/2016,727.789978,736.539978,723.289978,732.169983,732.169983,2228600
3/11/2016,739.950012,744.900024,736.700012,744.869995,744.869995,1769000
3/14/2016,744.969971,754.26001,743.659973,750.23999,750.23999,1641200
3/15/2016,746.02002,753.01001,742.840027,750.570007,750.570007,1491600
3/16/2016,749.049988,759,746.5,757.359985,757.359985,1465300
3/17/2016,757.650024,765.340027,757.359985,758.47998,758.47998,2228200
3/18/2016,761.630005,762.140015,751.820007,755.409973,755.409973,2811100
3/21/2016,753.909973,763.340027,751.27002,762.159973,762.159973,1438700
3/22/2016,758.440002,765,757.880005,760.049988,760.049988,1104800
3/23/2016,763.349976,765.390015,756.030029,757.559998,757.559998,1233900
3/24/2016,751.200012,757.559998,750.5,754.840027,754.840027,1555800
3/28/2016,756.169983,758.299988,752.039978,753.280029,753.280029,1083800
3/29/2016,753.679993,767.179993,748.289978,765.890015,765.890015,1987100
3/30/2016,768.210022,777.309998,767.580017,768.340027,768.340027,2019800
3/31/2016,768.340027,769.080017,758.25,762.900024,762.900024,1627700
4/1/2016,757.159973,770.039978,755.200012,769.669983,769.669983,1583700
4/4/2016,769.51001,772.440002,761.789978,765.119995,765.119995,1346200
4/5/2016,758.130005,762.869995,755.599976,758.570007,758.570007,1223900
4/6/2016,757.840027,768.419983,756.299988,768.070007,768.070007,1257100
4/7/2016,765.320007,769.359985,757.5,760.119995,760.119995,1274900
4/8/2016,765.869995,767.130005,755.77002,759.469971,759.469971,1171700
4/11/2016,765.450012,767.219971,757.340027,757.539978,757.539978,1588700
4/12/2016,758.429993,764.919983,751.570007,764.320007,764.320007,1366600
4/13/2016,770.309998,775.75,764.590027,771.909973,771.909973,1771300
4/14/2016,775.359985,779.609985,773.219971,775.390015,775.390015,1348000
4/15/2016,775.5,780.929993,774.929993,780,780,1585600
4/18/2016,780.190002,788.549988,777.609985,787.679993,787.679993,1669700
4/19/2016,790.5,790.950012,770.27002,776.25,776.25,2197600
4/20/2016,779.159973,779.659973,771.27002,774.919983,774.919983,1713100
4/21/2016,777.309998,781.679993,771.549988,780,780,3881400
4/22/2016,743.909973,753.919983,730.369995,737.77002,737.77002,7039900
4/25/2016,735.349976,744.880005,735.099976,742.210022,742.210022,2472100
4/26/2016,744.419983,745.590027,720.320007,725.369995,725.369995,2793200
4/27/2016,725.320007,727.150024,709.080017,721.460022,721.460022,3313100
4/28/2016,723.289978,729.26001,703.200012,705.059998,705.059998,3129500
4/29/2016,704.119995,712.109985,703.780029,707.880005,707.880005,2913900
5/2/2016,711.919983,715.409973,706.359985,714.409973,714.409973,1673800
5/3/2016,712.5,713.369995,707.330017,708.440002,708.440002,1931000
5/4/2016,706.77002,715.049988,704.049988,711.369995,711.369995,1610200
5/5/2016,715,717.549988,709.450012,714.710022,714.710022,1483400
5/6/2016,712.200012,725.98999,711.950012,725.179993,725.179993,1997600
5/9/2016,726.700012,734.289978,723.5,729.130005,729.130005,1903700
5/10/2016,734.960022,740,731.609985,739.380005,739.380005,1627900
5/11/2016,740.52002,740.799988,727.900024,730.549988,730.549988,1491700
5/12/2016,732,735.369995,724.27002,728.070007,728.070007,1354700
5/13/2016,726.619995,731.289978,723.51001,724.830017,724.830017,1262200
5/16/2016,724.320007,732.679993,720,730.299988,730.299988,1126900
5/17/2016,731.059998,735.849976,718,720.190002,720.190002,1670200
5/18/2016,718.5,725.570007,715.02002,721.780029,721.780029,1626800
5/19/2016,718.299988,720.5,710.309998,715.309998,715.309998,1529900
5/20/2016,716.460022,727.700012,715.01001,721.710022,721.710022,1739900
5/23/2016,719.97998,723.5,716.940002,717.25,717.25,1233400
5/24/2016,719.849976,734.200012,719.650024,733.030029,733.030029,1894200
5/25/2016,735,739.890015,732.599976,738.099976,738.099976,1610800
5/26/2016,736,741.099976,733,736.929993,736.929993,1298300
5/27/2016,737.51001,747.909973,737.01001,747.599976,747.599976,1740100
5/31/2016,748.76001,753.47998,745.570007,748.849976,748.849976,2124200
6/1/2016,748.469971,751.369995,744.340027,748.460022,748.460022,1039400
6/2/2016,746.099976,747.299988,737,744.27002,744.27002,1693700
6/3/2016,741.48999,741.48999,733.909973,735.859985,735.859985,1230400
6/6/2016,738.5,738.5,728.289978,730.059998,730.059998,1499600
6/7/2016,733.27002,736.710022,730.799988,731.090027,731.090027,1215700
6/8/2016,739.5,743.809998,735.77002,742.929993,742.929993,1615700
6/9/2016,737.070007,743.929993,736.5,742.52002,742.52002,959000
6/10/2016,735.950012,739.640015,730.51001,733.190002,733.190002,1452500
6/13/2016,729.820007,739,729.820007,731.880005,731.880005,1167700
6/14/2016,729.309998,736,726.5,733.25,733.25,1329200
6/15/2016,734.919983,737.150024,731.309998,732.190002,732.190002,1161700
6/16/2016,727.960022,730.390015,715.539978,724.25,724.25,2250100
6/17/2016,721.390015,721.390015,701.119995,704.25,704.25,4113100
6/20/2016,710.309998,715.869995,705.409973,706.130005,706.130005,2282700
6/21/2016,710.049988,715.380005,704.659973,708.880005,708.880005,1515900
6/22/2016,714.049988,714.210022,705.880005,710.469971,710.469971,1452900
6/23/2016,710.549988,714.880005,700.25,714.869995,714.869995,2125000
6/24/2016,690.169983,705,684.909973,685.200012,685.200012,4771800
6/27/2016,682.48999,683.330017,672.659973,681.140015,681.140015,2907300
6/28/2016,691.369995,692.73999,684.849976,691.26001,691.26001,1912300
6/29/2016,694.26001,699.5,692.679993,695.190002,695.190002,2156200
6/30/2016,697.650024,703.77002,694.900024,703.530029,703.530029,2112500
7/1/2016,705.099976,712.530029,703.72998,710.25,710.25,1549200
7/5/2016,705.01001,708.119995,699.130005,704.890015,704.890015,1422000
7/6/2016,699.840027,713,699,708.969971,708.969971,1445100
7/7/2016,710.109985,710.169983,700.669983,707.26001,707.26001,1057600
7/8/2016,710.559998,717.900024,708.109985,717.780029,717.780029,1497300
7/11/2016,719.419983,728.929993,718.869995,727.200012,727.200012,1441100
7/12/2016,731.919983,735.599976,727.5,732.51001,732.51001,1323400
7/13/2016,735.52002,735.52002,729.02002,729.47998,729.47998,1021800
7/14/2016,733.940002,736.140015,730.590027,735.799988,735.799988,1070400
7/15/2016,741,741,734.640015,735.630005,735.630005,1617100
7/18/2016,737.909973,755.140015,736.51001,753.200012,753.200012,1934900
7/19/2016,749.869995,756.590027,748.48999,753.409973,753.409973,1521800
7/20/2016,754.049988,760.640015,754.049988,757.080017,757.080017,1125100
7/21/2016,757,758.150024,751.52002,754.409973,754.409973,953100
7/22/2016,757.320007,759.450012,752.659973,759.280029,759.280029,1046000
7/25/2016,757.679993,759.820007,754.070007,757.52002,757.52002,1073300
7/26/2016,757.52002,759.26001,752.75,757.650024,757.650024,1189600
7/27/2016,758.969971,764.450012,755.929993,761.969971,761.969971,1576200
7/28/2016,768.840027,768.969971,759.090027,765.840027,765.840027,3673200
7/29/2016,797.710022,803.940002,790,791.340027,791.340027,5090500
8/1/2016,786.669983,807.48999,785.039978,800.940002,800.940002,3029700
8/2/2016,797.330017,802.320007,794.530029,800.119995,800.119995,1996400
8/3/2016,796.469971,799.539978,793.02002,798.919983,798.919983,1460300
8/4/2016,798.23999,800.200012,793.919983,797.25,797.25,1074900
8/5/2016,800.109985,807.219971,797.809998,806.929993,806.929993,1807300
8/8/2016,806,807.599976,801.690002,805.22998,805.22998,1221300
8/9/2016,804.48999,813.330017,804.059998,807.47998,807.47998,1607700
8/10/2016,807.049988,810.880005,806.48999,808.48999,808.48999,918500
8/11/2016,810.469971,813.880005,806,808.200012,808.200012,1281200
8/12/2016,805.090027,807.190002,803.640015,807.049988,807.049988,897300
8/15/2016,807.210022,811.359985,804.030029,805.960022,805.960022,929800
8/16/2016,803.5,804.26001,797,801.190002,801.190002,1057900
8/17/2016,800,805.630005,796.299988,805.419983,805.419983,1066100
8/18/2016,805.359985,808,801.630005,802.75,802.75,864600
8/19/2016,799.789978,801.22998,796.880005,799.650024,799.650024,1120800
8/22/2016,798.51001,799.299988,794.330017,796.950012,796.950012,852800
8/23/2016,800.47998,801,795.98999,796.590027,796.590027,917500
8/24/2016,796.859985,798.460022,790.76001,793.599976,793.599976,1283600
8/25/2016,792,794.719971,787.22998,791.299988,791.299988,1202700
8/26/2016,792.48999,799.400024,789.409973,793.219971,793.219971,1248900
8/29/2016,793.049988,798.52002,790.320007,795.820007,795.820007,766500
8/30/2016,792.880005,798,789.469971,791.919983,791.919983,1167400
8/31/2016,789.599976,791.570007,787.200012,789.849976,789.849976,1071400
9/1/2016,791.97998,792.890015,786.330017,791.400024,791.400024,1303500
9/2/2016,795.27002,797.099976,793.26001,796.869995,796.869995,1349900
9/6/2016,798.390015,810.890015,795.429993,808.02002,808.02002,1989500
9/7/2016,807.929993,810.599976,803.719971,807.98999,807.98999,1145300
9/8/2016,805.219971,808.419983,801.01001,802.840027,802.840027,1175200
9/9/2016,798.77002,801.75,788.049988,788.47998,788.47998,1887600
9/12/2016,784.52002,800.169983,783.5,798.820007,798.820007,1863700
9/13/2016,794.01001,795.789978,784.330017,788.719971,788.719971,1809000
9/14/2016,787.530029,796.330017,787.530029,790.460022,790.460022,1292100
9/15/2016,790.01001,803.650024,788.659973,801.22998,801.22998,1557200
9/16/2016,799.02002,799.02002,793.619995,797.969971,797.969971,2130600
9/19/2016,801.109985,803.98999,793.559998,795.390015,795.390015,1146700
9/20/2016,800,802.75,798.26001,799.780029,799.780029,1049200
9/21/2016,801.26001,805.909973,796.030029,805.030029,805.030029,1348500
9/22/2016,810,819.059998,807.710022,815.950012,815.950012,1759300
9/23/2016,815.140015,817,812.72998,814.960022,814.960022,1411700
9/26/2016,809.820007,810.080017,800.450012,802.650024,802.650024,1472700
9/27/2016,801.830017,813.48999,801.830017,810.72998,810.72998,1367300
9/28/2016,804.080017,810.25,802.780029,810.059998,810.059998,1470300
9/29/2016,807.22998,813.909973,800.859985,802.640015,802.640015,1350000
9/30/2016,803.599976,808.090027,801.5,804.059998,804.059998,1660200
10/3/2016,802.549988,803.539978,796.22998,800.380005,800.380005,1489200
10/4/2016,805,806.5,799.669983,802.789978,802.789978,1258700
10/5/2016,806,808.5,800.710022,801.22998,801.22998,1213800
10/6/2016,804.080017,806.950012,800.51001,803.080017,803.080017,1099900
10/7/2016,805.929993,805.940002,796.820007,800.710022,800.710022,1163100
10/10/2016,803.929993,817.380005,802.23999,814.169983,814.169983,1488500
10/11/2016,814.169983,819.859985,807.369995,809.570007,809.570007,1721600
10/12/2016,811.960022,814.5,808.549988,811.77002,811.77002,907900
10/13/2016,806.070007,806.559998,798.619995,804.080017,804.080017,1369000
10/14/2016,807.450012,810.090027,802.320007,804.599976,804.599976,1111900
10/17/2016,805.98999,813.48999,803.830017,806.840027,806.840027,1056400
10/18/2016,814.210022,828.809998,813.330017,821.48999,821.48999,2273700
10/19/2016,822.880005,829.799988,822.880005,826.840027,826.840027,1500100
10/20/2016,827.559998,828.469971,820.549988,821.630005,821.630005,1393900
10/21/2016,820,824.289978,818.309998,824.059998,824.059998,1615800
10/24/2016,830.090027,837.940002,829.039978,835.73999,835.73999,1447600
10/25/2016,838.5,838.5,825.299988,828.549988,828.549988,1890700
10/26/2016,827.119995,827.710022,816.349976,822.099976,822.099976,1794900
10/27/2016,823.01001,826.580017,814.609985,817.349976,817.349976,2973500
10/28/2016,829.940002,839,817,819.559998,819.559998,4354900
10/31/2016,822.429993,822.630005,808,809.900024,809.900024,2242700
11/1/2016,810.869995,813.960022,798.26001,805.47998,805.47998,2355900
11/2/2016,806.76001,806.76001,785,788.419983,788.419983,2350700
11/3/2016,784.5,790,778.630005,782.190002,782.190002,2175200
11/4/2016,771.299988,788.47998,771,781.099976,781.099976,1970600
11/7/2016,794.950012,805,792.900024,802.030029,802.030029,1992600
11/8/2016,802.030029,816.039978,799.619995,811.97998,811.97998,1754700
11/9/2016,801.830017,811.710022,792.039978,805.590027,805.590027,3098500
11/10/2016,810,810.059998,768.22998,780.289978,780.289978,5909600
11/11/2016,776.809998,777.289978,765.539978,771.75,771.75,3592600
11/14/2016,771.76001,771.780029,743.590027,753.219971,753.219971,3672000
11/15/2016,765.469971,780.23999,765.219971,775.159973,775.159973,2943900
11/16/2016,770.419983,783.5,766.330017,779.97998,779.97998,1794300
11/17/2016,782.5,788.900024,779.849976,786.159973,786.159973,1533700
11/18/2016,787.169983,791.289978,775.349976,775.969971,775.969971,1806300
11/21/2016,778.099976,786.549988,776.299988,784.799988,784.799988,1630800
11/22/2016,788.98999,793.77002,783.73999,785,785,1394200
11/23/2016,789.52002,789.52002,772.650024,779,779,1310500
11/25/2016,782.609985,782.900024,778.190002,780.22998,780.22998,613500
11/28/2016,778.349976,799.73999,778.099976,785.789978,785.789978,2575400
11/29/2016,788.380005,796.440002,785.340027,789.440002,789.440002,1562000
11/30/2016,789.099976,791.51001,773.150024,775.880005,775.880005,2279100
12/1/2016,778.549988,778.599976,753.359985,764.330017,764.330017,2867100
12/2/2016,761.900024,770.5,759,764.460022,764.460022,1718800
12/5/2016,770,780,766.969971,778.219971,778.219971,1688500
12/6/2016,780.190002,785.280029,773.320007,776.179993,776.179993,1734100
12/7/2016,779.950012,792,773.530029,791.469971,791.469971,2029400
12/8/2016,792.950012,799,787.909973,795.169983,795.169983,1612500
12/9/2016,799.299988,809.950012,798.049988,809.450012,809.450012,1904500
12/12/2016,804.820007,811.349976,804.530029,807.900024,807.900024,1628600
12/13/2016,812.390015,824.299988,811.940002,815.340027,815.340027,2128200
12/14/2016,815.919983,824.26001,812.780029,817.890015,817.890015,1799700
12/15/2016,817.359985,823,812,815.650024,815.650024,1769700
12/16/2016,818.309998,819.200012,808.119995,809.840027,809.840027,2589100
12/19/2016,809.280029,816.219971,804.5,812.5,812.5,1263600
12/20/2016,813.369995,816.48999,811,815.200012,815.200012,1271900
12/21/2016,815.719971,815.719971,805.099976,812.200012,812.200012,1459600
12/22/2016,809.099976,811.070007,806.030029,809.679993,809.679993,1131600
12/23/2016,808.01001,810.969971,805.109985,807.799988,807.799988,764100
12/27/2016,808.679993,816,805.799988,809.929993,809.929993,976000
12/28/2016,813.330017,813.330017,802.440002,804.570007,804.570007,1214800
12/29/2016,802.330017,805.75,798.140015,802.880005,802.880005,1056500
12/30/2016,803.210022,803.289978,789.619995,792.450012,792.450012,1735900
1/3/2017,800.619995,811.440002,796.890015,808.01001,808.01001,1959000
1/4/2017,809.890015,813.429993,804.109985,807.77002,807.77002,1515300
1/5/2017,807.5,813.73999,805.919983,813.02002,813.02002,1340500
1/6/2017,814.98999,828.960022,811.5,825.210022,825.210022,2017100
1/9/2017,826.369995,830.429993,821.619995,827.179993,827.179993,1406800
1/10/2017,827.070007,829.409973,823.140015,826.01001,826.01001,1197400
1/11/2017,826.619995,829.900024,821.469971,829.859985,829.859985,1325400
1/12/2017,828.380005,830.380005,821.01001,829.530029,829.530029,1349500
1/13/2017,831,834.650024,829.52002,830.940002,830.940002,1290200
1/17/2017,830,830.179993,823.200012,827.460022,827.460022,1439700
1/18/2017,829.799988,829.809998,824.080017,829.02002,829.02002,1027700
1/19/2017,829,833,823.960022,824.369995,824.369995,1068500
1/20/2017,829.090027,829.23999,824.599976,828.169983,828.169983,1306200
1/23/2017,831.609985,845.539978,828.700012,844.429993,844.429993,2457400
1/24/2017,846.97998,851.52002,842.280029,849.530029,849.530029,1688400
1/25/2017,853.549988,858.789978,849.73999,858.450012,858.450012,1655400
1/26/2017,859.049988,861,850.52002,856.97998,856.97998,3493300
1/27/2017,859,867,841.900024,845.030029,845.030029,3749600
1/30/2017,837.059998,837.22998,821.030029,823.830017,823.830017,3516900
1/31/2017,819.5,823.070007,813.400024,820.190002,820.190002,2020200
2/1/2017,824,824,812.25,815.23999,815.23999,2251000
2/2/2017,815,824.559998,812.049988,818.26001,818.26001,1689200
2/3/2017,823.130005,826.130005,819.349976,820.130005,820.130005,1528100
2/6/2017,820.919983,822.390015,814.289978,821.619995,821.619995,1350900
2/7/2017,825.5,831.919983,823.289978,829.22998,829.22998,1666600
2/8/2017,830.530029,834.25,825.109985,829.880005,829.880005,1302200
2/9/2017,831.72998,831.97998,826.5,830.059998,830.059998,1192000
2/10/2017,832.950012,837.150024,830.51001,834.849976,834.849976,1415100
2/13/2017,837.700012,841.73999,836.25,838.960022,838.960022,1295700
2/14/2017,839.77002,842,835.830017,840.030029,840.030029,1296300
2/15/2017,838.809998,841.77002,836.219971,837.320007,837.320007,1357200
2/16/2017,838.5,842.690002,837.26001,842.169983,842.169983,1005100
2/17/2017,841.309998,846.940002,839.780029,846.549988,846.549988,1461200
2/21/2017,847.98999,852.200012,846.549988,849.27002,849.27002,1260300
2/22/2017,848,853.789978,846.710022,851.359985,851.359985,1224400
2/23/2017,851.080017,852.619995,842.5,851,851,1386700
2/24/2017,847.650024,848.359985,842.960022,847.809998,847.809998,1346200
2/27/2017,844.950012,850.669983,843.01001,849.669983,849.669983,1010300
2/28/2017,847.349976,848.830017,841.440002,844.929993,844.929993,1383100
3/1/2017,851.380005,858,849.02002,856.75,856.75,1818700
3/2/2017,856.309998,856.48999,848.719971,849.849976,849.849976,1250900
3/3/2017,848.940002,850.820007,844.710022,849.080017,849.080017,1005000
3/6/2017,846.859985,848.940002,841.169983,847.27002,847.27002,1047900
3/7/2017,847.26001,853.330017,845.52002,851.150024,851.150024,1038700
3/8/2017,853.119995,856.929993,851.25,853.640015,853.640015,1028800
3/9/2017,853.690002,860.710022,852.669983,857.840027,857.840027,1347700
3/10/2017,862.700012,864.22998,857.609985,861.409973,861.409973,1336600
3/13/2017,860.830017,867.130005,860.820007,864.580017,864.580017,1166600
3/14/2017,863.75,867.580017,860.130005,865.909973,865.909973,1061700
3/15/2017,867.940002,869.880005,861.299988,868.390015,868.390015,1332900
3/16/2017,870.530029,872.710022,867.52002,870,870,1104500
3/17/2017,873.679993,874.419983,868.369995,872.369995,872.369995,1868300
3/20/2017,869.47998,870.340027,864.669983,867.909973,867.909973,1542200
3/21/2017,870.059998,873.469971,847.690002,850.140015,850.140015,2538000
3/22/2017,849.47998,855.349976,847,849.799988,849.799988,1366700
3/23/2017,841.390015,841.690002,833,839.650024,839.650024,3287700
3/24/2017,842,844,829.099976,835.140015,835.140015,2105700
3/27/2017,828.090027,841.380005,824.299988,838.51001,838.51001,1934600
3/28/2017,839.690002,845.400024,832.27002,840.630005,840.630005,1519200
3/29/2017,842.75,851.590027,841.380005,849.869995,849.869995,1457300
3/30/2017,851.97998,852,846.77002,849.47998,849.47998,949400
3/31/2017,846.830017,849.559998,845.23999,847.799988,847.799988,1441000
4/3/2017,848.75,859,847.530029,856.75,856.75,1969400
4/4/2017,848,853,847.51001,852.570007,852.570007,1348500
4/5/2017,854.710022,860.590027,847.52002,848.909973,848.909973,1855200
4/6/2017,849.5,853.590027,844,845.099976,845.099976,1533600
4/7/2017,845,845.880005,837.299988,842.099976,842.099976,1111600
4/10/2017,841.539978,846.73999,840.789978,841.700012,841.700012,1046200
4/11/2017,841.700012,844.630005,834.599976,839.880005,839.880005,974300
4/12/2017,838.460022,843.719971,837.590027,841.460022,841.460022,1135800
4/13/2017,841.039978,843.72998,837.849976,840.179993,840.179993,1073700
4/17/2017,841.380005,855.640015,841.030029,855.130005,855.130005,1049100
4/18/2017,852.539978,857.390015,851.25,853.98999,853.98999,936200
4/19/2017,857.390015,860.200012,853.530029,856.51001,856.51001,1080300
4/20/2017,859.73999,863.929993,857.5,860.080017,860.080017,1188800
4/21/2017,860.619995,862.440002,857.72998,858.950012,858.950012,1172900
4/24/2017,868.440002,879.960022,866.109985,878.929993,878.929993,1696500
4/25/2017,882.26001,892.25,879.280029,888.840027,888.840027,2038000
4/26/2017,891.390015,892.98999,885.150024,889.140015,889.140015,1323300
4/27/2017,890,893.380005,887.179993,891.440002,891.440002,2342300
4/28/2017,929,935.900024,923.219971,924.52002,924.52002,3845900
5/1/2017,924.150024,935.820007,920.799988,932.820007,932.820007,2327800
5/2/2017,933.27002,942.98999,931,937.090027,937.090027,1751300
5/3/2017,936.049988,950.200012,935.210022,948.450012,948.450012,1824800
5/4/2017,950.289978,959.140015,947.369995,954.719971,954.719971,1937600
5/5/2017,956.719971,958.440002,948.099976,950.280029,950.280029,1615500
5/8/2017,947.450012,960.98999,947.400024,958.690002,958.690002,1876700
5/9/2017,961.330017,962.200012,954.400024,956.710022,956.710022,1687900
5/10/2017,956.219971,956.710022,949.840027,954.840027,954.840027,1146000
5/11/2017,951.289978,957.98999,948.609985,955.890015,955.890015,1031100
5/12/2017,957.849976,957.97998,952.059998,955.140015,955.140015,1214900
5/15/2017,955.289978,962.700012,952.820007,959.219971,959.219971,1337700
5/16/2017,963.549988,965.900024,960.349976,964.609985,964.609985,1101500
5/17/2017,959.700012,960.98999,940.059998,942.169983,942.169983,2449100
5/18/2017,943.200012,954.179993,941.27002,950.5,950.5,1800500
5/19/2017,952.820007,959.559998,952,954.650024,954.650024,1360300
5/22/2017,957,964.820007,956.559998,964.070007,964.070007,1387400
5/23/2017,969.960022,974.51001,964.5,970.549988,970.549988,1545400
5/24/2017,975.26001,978.119995,971.630005,977.609985,977.609985,1133000
5/25/2017,979,995.780029,977.820007,991.859985,991.859985,1954100
5/26/2017,992,996.390015,987.359985,993.27002,993.27002,1627600
5/30/2017,992.5,997.619995,991.359985,996.169983,996.169983,1516200
5/31/2017,996.210022,999.599976,981.679993,987.090027,987.090027,1724100
6/1/2017,990.960022,993.140015,981.289978,988.289978,988.289978,1306400
6/2/2017,988.590027,996.47998,987.070007,996.119995,996.119995,1735500
6/5/2017,997.890015,1007.400024,995.450012,1003.880005,1003.880005,1378900
6/6/2017,1003.309998,1008.609985,994.799988,996.679993,996.679993,1552100
6/7/2017,999.090027,1003.909973,995.869995,1001.5,1001.5,1374100
6/8/2017,1004.22998,1005.599976,996.619995,1004.280029,1004.280029,1687900
6/9/2017,1005.48999,1005.5,953.369995,970.119995,970.119995,3647900
6/12/2017,958.719971,968,936.799988,961.809998,961.809998,4202100
6/13/2017,972.039978,977.909973,962.01001,970.5,970.5,2005400
6/14/2017,975.5,979.700012,959.51001,967.929993,967.929993,1505500
6/15/2017,948.02002,960.679993,940.369995,960.179993,960.179993,2427600
6/16/2017,957.909973,959.950012,948.700012,958.619995,958.619995,2559200
6/19/2017,969.650024,979.299988,968.200012,975.219971,975.219971,1468800
6/20/2017,975.309998,980.789978,968.200012,968.98999,968.98999,1297300
6/21/2017,970.789978,979.549988,969.450012,978.590027,978.590027,1161600
6/22/2017,976.869995,980.5,973.309998,976.619995,976.619995,1009500
6/23/2017,975.5,986.619995,974.460022,986.090027,986.090027,1564000
6/26/2017,990,993.98999,970.330017,972.090027,972.090027,1517900
6/27/2017,961.599976,967.219971,947.090027,948.090027,948.090027,2443600
6/28/2017,950.659973,963.23999,936.159973,961.01001,961.01001,2745600
6/29/2017,951.349976,951.659973,929.599976,937.820007,937.820007,3206700
6/30/2017,943.98999,945,929.609985,929.679993,929.679993,2287700
7/3/2017,933.219971,934.23999,915.309998,919.460022,919.460022,1694800
7/5/2017,924.200012,936.289978,918.630005,932.26001,932.26001,2094100
7/6/2017,925,936.140015,919.849976,927.690002,927.690002,1947500
7/7/2017,930.98999,944.659973,929.789978,940.809998,940.809998,1663300
7/10/2017,941.950012,953.130005,941.950012,951,951,1451500
7/11/2017,950.52002,954.890015,945.119995,953.530029,953.530029,1461200
7/12/2017,960.859985,969.630005,957.039978,967.659973,967.659973,1602100
7/13/2017,970.799988,978.700012,964.799988,968.849976,968.849976,1524600
7/14/2017,974,977.539978,970.150024,976.909973,976.909973,1079600
7/17/2017,976.320007,983.349976,970.799988,975.960022,975.960022,1660500
7/18/2017,973.359985,990.849976,972.039978,986.950012,986.950012,1413300
7/19/2017,990.01001,995.599976,987.01001,992.77002,992.77002,1412100
7/20/2017,997,998.679993,984.619995,992.190002,992.190002,1418400
7/21/2017,989,995.109985,984.169983,993.840027,993.840027,1463300
7/24/2017,994.099976,1006.190002,990.27002,998.309998,998.309998,3984500
7/25/2017,970.700012,976.72998,963.799988,969.030029,969.030029,5933600
7/26/2017,972.780029,973.950012,960.22998,965.309998,965.309998,2221600
7/27/2017,969.179993,969.52002,937.059998,952.51001,952.51001,3717900
7/28/2017,947.98999,961.789978,945.309998,958.330017,958.330017,1813800
7/31/2017,960,961.190002,941.72998,945.5,945.5,2283500
8/1/2017,947.809998,954.48999,944.960022,946.559998,946.559998,1402600
8/2/2017,948.369995,949.099976,932.52002,947.640015,947.640015,2039400
8/3/2017,949.099976,950,939.440002,940.299988,940.299988,1123900
8/4/2017,943.950012,947.539978,939.799988,945.789978,945.789978,1254600
8/7/2017,947.52002,948.960022,943.5,945.75,945.75,1445800
8/8/2017,944.289978,952.48999,942.47998,944.190002,944.190002,1505100
8/9/2017,938.450012,943.76001,933.919983,940.080017,940.080017,1400900
8/10/2017,935,936.299988,921.780029,923.590027,923.590027,2707400
8/11/2017,923.710022,933.359985,921.219971,930.090027,930.090027,1616700
8/14/2017,939.070007,941.039978,934.48999,938.929993,938.929993,1150600
8/15/2017,941.030029,943.070007,936.640015,938.080017,938.080017,1106500
8/16/2017,941.25,949.900024,940.039978,944.27002,944.27002,1345300
8/17/2017,942.950012,943.809998,927.640015,927.659973,927.659973,1695700
8/18/2017,926.97998,931.02002,923.450012,926.179993,926.179993,1337400
8/21/2017,925.77002,928.25,918.599976,920.869995,920.869995,1301200
8/22/2017,926.960022,941.960022,926.169983,940.400024,940.400024,1775100
8/23/2017,937,945.429993,935.23999,942.580017,942.580017,1134500
8/24/2017,943.710022,946.309998,930.73999,936.890015,936.890015,1294600
8/25/2017,939.210022,940.72998,930.099976,930.5,930.5,1187300
8/28/2017,931.880005,934.849976,926.109985,928.130005,928.130005,1049400
8/29/2017,919.950012,938.190002,919.309998,935.75,935.75,1158600
8/30/2017,935.669983,945.859985,934.049988,943.630005,943.630005,1120300
8/31/2017,946.299988,957.200012,946.25,955.23999,955.23999,1693300
9/1/2017,957.469971,958.330017,950.280029,951.98999,951.98999,1042900
9/5/2017,946.859985,951.390015,935.599976,941.47998,941.47998,1457400
9/6/2017,943.869995,944.5,932.679993,942.02002,942.02002,1391500
9/7/2017,944.25,950.5,937.530029,949.890015,949.890015,1116600
9/8/2017,949.700012,950.700012,940.01001,941.409973,941.409973,999900
9/11/2017,947.200012,952.679993,941,943.289978,943.289978,1337400
9/12/2017,946.919983,948.090027,937.5,946.650024,946.650024,1284800
9/13/2017,945.5,952.849976,944.73999,950.440002,950.440002,1095400
9/14/2017,946,948.030029,938.359985,940.130005,940.130005,1427400
9/15/2017,940.090027,941.75,931.25,935.289978,935.289978,1994300
9/18/2017,935.01001,936.859985,925.400024,929.75,929.75,1473700
9/19/2017,933.409973,937.940002,926.659973,936.859985,936.859985,1242700
9/20/2017,937.72998,950,937.5,947.539978,947.539978,2004000
9/21/2017,948.130005,952.799988,939.380005,947.549988,947.549988,1370700
9/22/2017,942.77002,950,940.840027,943.26001,943.26001,1074800
9/25/2017,939.450012,939.75,924.51001,934.280029,934.280029,1873400
9/26/2017,936.690002,944.080017,935.119995,937.429993,937.429993,1672700
